-- Prisma migrations tracking table
CREATE TABLE IF NOT EXISTS `_prisma_migrations` (
    `id` VARCHAR(36) NOT NULL,
    `checksum` VARCHAR(64) NOT NULL,
    `finished_at` DATETIME(3) NULL,
    `migration_name` VARCHAR(255) NOT NULL,
    `logs` TEXT NULL,
    `rolled_back_at` DATETIME(3) NULL,
    `started_at` DATETIME(3) NOT NULL DEFAULT CURRENT_TIMESTAMP(3),
    `applied_steps_count` INTEGER UNSIGNED NOT NULL DEFAULT 0,
    PRIMARY KEY (`id`)
) DEFAULT CHARACTER SET utf8mb4 COLLATE utf8mb4_unicode_ci;

INSERT INTO `_prisma_migrations` (`id`, `checksum`, `finished_at`, `migration_name`, `logs`, `rolled_back_at`, `started_at`, `applied_steps_count`)
VALUES (UUID(), 'initial', NOW(3), '20260226000000_init', NULL, NULL, NOW(3), 1);

-- CreateTable
CREATE TABLE `products` (
    `id` VARCHAR(191) NOT NULL,
    `slug` VARCHAR(191) NOT NULL,
    `category` VARCHAR(191) NOT NULL,
    `price` DOUBLE NOT NULL,
    `originalPrice` DOUBLE NULL,
    `currency` VARCHAR(191) NOT NULL DEFAULT 'GEL',
    `isActive` BOOLEAN NOT NULL DEFAULT true,
    `isFeatured` BOOLEAN NOT NULL DEFAULT false,
    `images` JSON NOT NULL,
    `nameKa` VARCHAR(500) NOT NULL,
    `nameRu` VARCHAR(500) NOT NULL,
    `nameEn` VARCHAR(500) NOT NULL,
    `descriptionKa` TEXT NULL,
    `descriptionRu` TEXT NULL,
    `descriptionEn` TEXT NULL,
    `content` LONGTEXT NULL,
    `relatedProducts` JSON NULL,
    `createdAt` DATETIME(3) NOT NULL DEFAULT CURRENT_TIMESTAMP(3),
    `updatedAt` DATETIME(3) NOT NULL,

    UNIQUE INDEX `products_slug_key`(`slug`),
    INDEX `products_category_idx`(`category`),
    INDEX `products_isActive_idx`(`isActive`),
    INDEX `products_isFeatured_idx`(`isFeatured`),
    INDEX `products_category_isActive_idx`(`category`, `isActive`),
    PRIMARY KEY (`id`)
) DEFAULT CHARACTER SET utf8mb4 COLLATE utf8mb4_unicode_ci;

-- CreateTable
CREATE TABLE `product_specs` (
    `id` VARCHAR(191) NOT NULL,
    `productId` VARCHAR(191) NOT NULL,
    `keyKa` VARCHAR(200) NOT NULL,
    `keyRu` VARCHAR(200) NOT NULL,
    `keyEn` VARCHAR(200) NOT NULL,
    `value` VARCHAR(500) NOT NULL,

    INDEX `product_specs_productId_idx`(`productId`),
    INDEX `product_specs_keyKa_value_idx`(`keyKa`, `value`),
    PRIMARY KEY (`id`)
) DEFAULT CHARACTER SET utf8mb4 COLLATE utf8mb4_unicode_ci;

-- CreateTable
CREATE TABLE `articles` (
    `id` VARCHAR(191) NOT NULL,
    `slug` VARCHAR(191) NOT NULL,
    `title` VARCHAR(500) NOT NULL,
    `excerpt` TEXT NOT NULL,
    `category` VARCHAR(191) NOT NULL,
    `coverImage` VARCHAR(191) NOT NULL DEFAULT '',
    `isPublished` BOOLEAN NOT NULL DEFAULT false,
    `readMin` INTEGER NOT NULL DEFAULT 5,
    `content` LONGTEXT NOT NULL,
    `createdAt` DATETIME(3) NOT NULL DEFAULT CURRENT_TIMESTAMP(3),
    `updatedAt` DATETIME(3) NOT NULL,

    UNIQUE INDEX `articles_slug_key`(`slug`),
    INDEX `articles_isPublished_idx`(`isPublished`),
    INDEX `articles_category_idx`(`category`),
    PRIMARY KEY (`id`)
) DEFAULT CHARACTER SET utf8mb4 COLLATE utf8mb4_unicode_ci;

-- CreateTable
CREATE TABLE `orders` (
    `id` VARCHAR(191) NOT NULL,
    `name` VARCHAR(200) NOT NULL,
    `phone` VARCHAR(50) NOT NULL,
    `locale` VARCHAR(5) NOT NULL,
    `total` DOUBLE NOT NULL,
    `status` VARCHAR(191) NOT NULL DEFAULT 'new',
    `createdAt` DATETIME(3) NOT NULL DEFAULT CURRENT_TIMESTAMP(3),
    `updatedAt` DATETIME(3) NOT NULL,

    INDEX `orders_status_idx`(`status`),
    INDEX `orders_createdAt_idx`(`createdAt`),
    PRIMARY KEY (`id`)
) DEFAULT CHARACTER SET utf8mb4 COLLATE utf8mb4_unicode_ci;

-- CreateTable
CREATE TABLE `order_items` (
    `id` VARCHAR(191) NOT NULL,
    `orderId` VARCHAR(191) NOT NULL,
    `name` VARCHAR(500) NOT NULL,
    `quantity` INTEGER NOT NULL,
    `price` DOUBLE NOT NULL,

    INDEX `order_items_orderId_idx`(`orderId`),
    PRIMARY KEY (`id`)
) DEFAULT CHARACTER SET utf8mb4 COLLATE utf8mb4_unicode_ci;

-- CreateTable
CREATE TABLE `inquiries` (
    `id` VARCHAR(191) NOT NULL,
    `name` VARCHAR(200) NOT NULL,
    `phone` VARCHAR(50) NOT NULL,
    `message` TEXT NOT NULL,
    `locale` VARCHAR(5) NOT NULL,
    `createdAt` DATETIME(3) NOT NULL DEFAULT CURRENT_TIMESTAMP(3),
    `updatedAt` DATETIME(3) NOT NULL,

    INDEX `inquiries_createdAt_idx`(`createdAt`),
    PRIMARY KEY (`id`)
) DEFAULT CHARACTER SET utf8mb4 COLLATE utf8mb4_unicode_ci;

-- CreateTable
CREATE TABLE `projects` (
    `id` VARCHAR(191) NOT NULL,
    `titleKa` VARCHAR(300) NOT NULL,
    `titleRu` VARCHAR(300) NOT NULL,
    `titleEn` VARCHAR(300) NOT NULL,
    `locationKa` VARCHAR(300) NOT NULL,
    `locationRu` VARCHAR(300) NOT NULL,
    `locationEn` VARCHAR(300) NOT NULL,
    `type` VARCHAR(191) NOT NULL,
    `cameras` INTEGER NOT NULL DEFAULT 0,
    `image` VARCHAR(191) NOT NULL DEFAULT '',
    `year` VARCHAR(10) NOT NULL,
    `isActive` BOOLEAN NOT NULL DEFAULT true,
    `createdAt` DATETIME(3) NOT NULL DEFAULT CURRENT_TIMESTAMP(3),
    `updatedAt` DATETIME(3) NOT NULL,

    INDEX `projects_isActive_idx`(`isActive`),
    PRIMARY KEY (`id`)
) DEFAULT CHARACTER SET utf8mb4 COLLATE utf8mb4_unicode_ci;

-- CreateTable
CREATE TABLE `catalog_config` (
    `id` VARCHAR(191) NOT NULL DEFAULT 'singleton',
    `categories` JSON NOT NULL,
    `filters` JSON NOT NULL,
    `updatedAt` DATETIME(3) NOT NULL,

    PRIMARY KEY (`id`)
) DEFAULT CHARACTER SET utf8mb4 COLLATE utf8mb4_unicode_ci;

-- CreateTable
CREATE TABLE `site_settings` (
    `id` VARCHAR(191) NOT NULL DEFAULT 'singleton',
    `contact` JSON NOT NULL,
    `business` JSON NOT NULL,
    `hours` JSON NOT NULL,
    `stats` JSON NOT NULL,
    `social` JSON NOT NULL,
    `announcement` JSON NOT NULL,
    `updatedAt` DATETIME(3) NOT NULL,

    PRIMARY KEY (`id`)
) DEFAULT CHARACTER SET utf8mb4 COLLATE utf8mb4_unicode_ci;

-- AddForeignKey
ALTER TABLE `product_specs` ADD CONSTRAINT `product_specs_productId_fkey` FOREIGN KEY (`productId`) REFERENCES `products`(`id`) ON DELETE CASCADE ON UPDATE CASCADE;

-- AddForeignKey
ALTER TABLE `order_items` ADD CONSTRAINT `order_items_orderId_fkey` FOREIGN KEY (`orderId`) REFERENCES `orders`(`id`) ON DELETE CASCADE ON UPDATE CASCADE;


SET NAMES utf8mb4;
SET FOREIGN_KEY_CHECKS = 0;

-- Products: 91 records
INSERT INTO products (id, slug, category, price, originalPrice, currency, isActive, isFeatured, images, nameKa, nameRu, nameEn, descriptionKa, descriptionRu, descriptionEn, content, relatedProducts, createdAt, updatedAt) VALUES ('acc-001', 'poe-switch-8port', 'accessories', 89, 115, 'GEL', 1, 0, '["33dc5b1d-cf5d-45d7-9624-a4ab889d38e1.jpg"]', '8 პორტიანი PoE Switch', 'PoE коммутатор 8 портов', '8-Port PoE Switch', NULL, NULL, NULL, '8 პორტიანი PoE კომუტატორი IP კამერებისთვის, 48V, max 120W.', NULL, '2026-02-14 04:05:13.917', '2026-02-14 04:05:13.917');
INSERT INTO product_specs (id, productId, keyKa, keyRu, keyEn, value) VALUES ('2e6e792c-6ee3-43a4-992f-a4304cfb3e6d', 'acc-001', 'პორტები', 'Порты', 'Ports', '8');
INSERT INTO product_specs (id, productId, keyKa, keyRu, keyEn, value) VALUES ('8e7f01f4-95db-4c76-974f-79cc261d3b92', 'acc-001', 'ძაბვა', 'Напряжение', 'Voltage', '48V');
INSERT INTO product_specs (id, productId, keyKa, keyRu, keyEn, value) VALUES ('09161e76-3a8a-4e83-8132-4ed58ce92432', 'acc-001', 'სიმძლავრე', 'Мощность', 'Power', '120W');
INSERT INTO products (id, slug, category, price, originalPrice, currency, isActive, isFeatured, images, nameKa, nameRu, nameEn, descriptionKa, descriptionRu, descriptionEn, content, relatedProducts, createdAt, updatedAt) VALUES ('acc-002', 'poe-switch-4port', 'accessories', 49, NULL, 'GEL', 1, 0, '["33dc5b1d-cf5d-45d7-9624-a4ab889d38e1.jpg"]', '4 პორტიანი PoE Switch', 'PoE коммутатор 4 порта', '4-Port PoE Switch', NULL, NULL, NULL, '4 პორტიანი PoE კომუტატორი IP კამერებისთვის, 48V, max 60W.', NULL, '2026-02-14 03:05:13.918', '2026-02-14 03:05:13.918');
INSERT INTO product_specs (id, productId, keyKa, keyRu, keyEn, value) VALUES ('c0c68e11-2c7e-43dc-ae1d-95dbed50f61f', 'acc-002', 'პორტები', 'Порты', 'Ports', '4');
INSERT INTO product_specs (id, productId, keyKa, keyRu, keyEn, value) VALUES ('b099dcc6-a177-4ac6-b569-7599a2771245', 'acc-002', 'ძაბვა', 'Напряжение', 'Voltage', '48V');
INSERT INTO product_specs (id, productId, keyKa, keyRu, keyEn, value) VALUES ('3f6b2616-6be4-4e0b-b3f7-de3c2c2ff8a0', 'acc-002', 'სიმძლავრე', 'Мощность', 'Power', '60W');
INSERT INTO products (id, slug, category, price, originalPrice, currency, isActive, isFeatured, images, nameKa, nameRu, nameEn, descriptionKa, descriptionRu, descriptionEn, content, relatedProducts, createdAt, updatedAt) VALUES ('acc-003', 'utp-cable-305m', 'accessories', 69, NULL, 'GEL', 1, 0, '["4b8215c3-4dc0-4f79-87db-4aa50bc43aff.jpg"]', 'UTP კაბელი Cat5e 305მ (ბობინა)', 'UTP кабель Cat5e 305м (бухта)', 'UTP Cable Cat5e 305m (Roll)', NULL, NULL, NULL, 'UTP Cat5e კაბელი 305მ, შეიფერებული, IP კამერებისთვის.', NULL, '2026-02-14 02:05:13.918', '2026-02-14 02:05:13.918');
INSERT INTO product_specs (id, productId, keyKa, keyRu, keyEn, value) VALUES ('828c83d8-9be2-4d49-8648-44ee25372cb5', 'acc-003', 'ტიპი', 'Тип', 'Type', 'UTP Cat5e');
INSERT INTO product_specs (id, productId, keyKa, keyRu, keyEn, value) VALUES ('a4924f51-d4f6-4cf2-afe4-e22c73300972', 'acc-003', 'სიგრძე', 'Длина', 'Length', '305m');
INSERT INTO products (id, slug, category, price, originalPrice, currency, isActive, isFeatured, images, nameKa, nameRu, nameEn, descriptionKa, descriptionRu, descriptionEn, content, relatedProducts, createdAt, updatedAt) VALUES ('acc-004', 'camera-mount-bracket', 'accessories', 12, NULL, 'GEL', 1, 0, '["bf1e3d48-75e1-4bd1-8f3d-5510097868f0.jpg"]', 'კამერის საკიდი კრონშტეინი', 'Кронштейн для камеры', 'Camera Mounting Bracket', NULL, NULL, NULL, 'უნივერსალური კამერის კრონშტეინი, ლითონი, კედლისა და ჭერის მონტაჟისთვის.', NULL, '2026-02-14 01:05:13.919', '2026-02-14 01:05:13.919');
INSERT INTO product_specs (id, productId, keyKa, keyRu, keyEn, value) VALUES ('e9cf0b08-8661-49fd-85c3-ec242cbc04c1', 'acc-004', 'მასალა', 'Материал', 'Material', 'Metal');
INSERT INTO product_specs (id, productId, keyKa, keyRu, keyEn, value) VALUES ('b8b5a332-6ce1-479b-a257-1bc92a398b43', 'acc-004', 'მონტაჟი', 'Монтаж', 'Mount', 'Wall / Ceiling');
INSERT INTO products (id, slug, category, price, originalPrice, currency, isActive, isFeatured, images, nameKa, nameRu, nameEn, descriptionKa, descriptionRu, descriptionEn, content, relatedProducts, createdAt, updatedAt) VALUES ('acc-005', 'rj45-connectors-100pack', 'accessories', 8, NULL, 'GEL', 1, 0, '["f449409c-085d-47aa-89db-6e0e31b17fb7.jpg"]', 'RJ45 კონექტორი 100 ცალი', 'Разъёмы RJ45 100 штук', 'RJ45 Connectors 100pcs', NULL, NULL, NULL, 'RJ45 კონექტორები Cat5e/Cat6 კაბელებისთვის, 100 ცალი პაკეტი.', NULL, '2026-02-14 00:05:13.919', '2026-02-14 00:05:13.919');
INSERT INTO product_specs (id, productId, keyKa, keyRu, keyEn, value) VALUES ('a732b8f4-6758-4f13-9639-c15a90a9640f', 'acc-005', 'სტანდარტი', 'Стандарт', 'Standard', 'Cat5e/Cat6');
INSERT INTO product_specs (id, productId, keyKa, keyRu, keyEn, value) VALUES ('73bf7c11-1494-476d-9d19-f44631d0cbc0', 'acc-005', 'რაოდენობა', 'Количество', 'Quantity', '100 pcs');
INSERT INTO products (id, slug, category, price, originalPrice, currency, isActive, isFeatured, images, nameKa, nameRu, nameEn, descriptionKa, descriptionRu, descriptionEn, content, relatedProducts, createdAt, updatedAt) VALUES ('acc-006', 'power-adapter-12v2a', 'accessories', 15, NULL, 'GEL', 1, 0, '["17cacbf4-9c6e-4720-8ef1-a93c09945c46.jpg"]', '12V 2A კამერის ბლოკი', 'Блок питания 12V 2A для камеры', '12V 2A Camera Power Adapter', NULL, NULL, NULL, '12V 2A სტაბილიზირებული კვების ბლოკი ანალოგური კამერებისთვის.', NULL, '2026-02-13 23:05:13.920', '2026-02-13 23:05:13.920');
INSERT INTO product_specs (id, productId, keyKa, keyRu, keyEn, value) VALUES ('afb51d2d-a0ea-4257-946e-8f4160948332', 'acc-006', 'ძაბვა', 'Напряжение', 'Voltage', '12V DC');
INSERT INTO product_specs (id, productId, keyKa, keyRu, keyEn, value) VALUES ('7970600a-28aa-439e-9ccc-96f2ced49409', 'acc-006', 'დენი', 'Ток', 'Current', '2A');
INSERT INTO products (id, slug, category, price, originalPrice, currency, isActive, isFeatured, images, nameKa, nameRu, nameEn, descriptionKa, descriptionRu, descriptionEn, content, relatedProducts, createdAt, updatedAt) VALUES ('acc-007', 'ups-backup-power', 'accessories', 129, NULL, 'GEL', 1, 0, '["7fab6ec9-9ebd-438a-ac47-188638f8565c.jpg"]', 'UPS უწყვეტი კვების წყარო 1000VA', 'ИБП источник питания 1000VA', 'UPS 1000VA Backup Power', NULL, NULL, NULL, 'UPS 1000VA სათვალთვალო სისტემებისთვის, ავტომატური გადართვა, 12V ბატარეა.', NULL, '2026-02-13 22:05:13.920', '2026-02-13 22:05:13.920');
INSERT INTO product_specs (id, productId, keyKa, keyRu, keyEn, value) VALUES ('0852bf20-c810-4c99-a545-7206afdbeff3', 'acc-007', 'სიმძლავრე', 'Мощность', 'Power', '1000VA / 600W');
INSERT INTO product_specs (id, productId, keyKa, keyRu, keyEn, value) VALUES ('dc648d4f-59a9-4d27-8ef0-1167a20ae252', 'acc-007', 'ბატარეა', 'Батарея', 'Battery', '12V 7Ah');
INSERT INTO products (id, slug, category, price, originalPrice, currency, isActive, isFeatured, images, nameKa, nameRu, nameEn, descriptionKa, descriptionRu, descriptionEn, content, relatedProducts, createdAt, updatedAt) VALUES ('acc-008', 'coax-cable-100m', 'accessories', 39, NULL, 'GEL', 1, 0, '["4b8215c3-4dc0-4f79-87db-4aa50bc43aff.jpg"]', 'Coax კაბელი RG59 100მ', 'Коаксиальный кабель RG59 100м', 'Coax Cable RG59 100m', NULL, NULL, NULL, 'RG59 კოაქსიალური კაბელი ანალოგური კამერებისთვის, 100მ.', NULL, '2026-02-13 21:05:13.921', '2026-02-13 21:05:13.921');
INSERT INTO product_specs (id, productId, keyKa, keyRu, keyEn, value) VALUES ('a33780d2-3f96-43be-91a6-ecb42c0e3313', 'acc-008', 'ტიპი', 'Тип', 'Type', 'RG59 Coax');
INSERT INTO product_specs (id, productId, keyKa, keyRu, keyEn, value) VALUES ('0651253e-cba4-4e74-a406-e106dda92f72', 'acc-008', 'სიგრძე', 'Длина', 'Length', '100m');
INSERT INTO products (id, slug, category, price, originalPrice, currency, isActive, isFeatured, images, nameKa, nameRu, nameEn, descriptionKa, descriptionRu, descriptionEn, content, relatedProducts, createdAt, updatedAt) VALUES ('camera-001', 'tiandy-5-indoor-camera-1-4', 'cameras', 129, NULL, 'GEL', 1, 1, '["1_qtkl-r3.png","tc-c35vn-angle.webp","tc-c35vn-view1.png","tc-c35vn-view2.png","tc-c35vn-view3.png"]', 'IP კამერა 5მპ Fixed IR Fisheye, Tiandy - TC-C35VN', 'Tiandy 5 მპ внутренняя камера 1.4 მმ', 'Tiandy 5 მპ indoor Camera 1.4 მმ', NULL, NULL, NULL, 'IP კამერა 5მპ Fixed IR Fisheye, Tiandy - TC-C35VN. შიდა გამოყენების გამოყენება. რეზოლუცია: 5 მპ. ლინზა: 1.4 მმ.', '["acc-001","acc-003","hdd-001"]', '2026-02-18 20:55:02.845', '2026-02-18 20:55:02.845');
INSERT INTO product_specs (id, productId, keyKa, keyRu, keyEn, value) VALUES ('f7f52331-e245-4d55-aee6-20937e05cf13', 'camera-001', 'ბრენდი', 'Бренд', 'Brand', 'Tiandy');
INSERT INTO product_specs (id, productId, keyKa, keyRu, keyEn, value) VALUES ('898fc618-6a1d-43dc-b9a7-023684bbb7f4', 'camera-001', 'კამერის ტიპი', 'Тип камеры', 'Camera Type', 'IP');
INSERT INTO product_specs (id, productId, keyKa, keyRu, keyEn, value) VALUES ('a1e70e8c-8a84-41a0-ab33-efe1006834fa', 'camera-001', 'კორპუსის ტიპი', 'Тип корпуса', 'Body Type', 'შიდა გამოყენების');
INSERT INTO product_specs (id, productId, keyKa, keyRu, keyEn, value) VALUES ('dec3b44c-f6ef-4424-932a-bcbcb64e950d', 'camera-001', 'CMOS სენსორი', 'CMOS сенсор', 'CMOS Sensor', '1/2.7" CMOS');
INSERT INTO product_specs (id, productId, keyKa, keyRu, keyEn, value) VALUES ('c7a3e19f-edc6-471a-8bc8-21db6dd25dc3', 'camera-001', 'ლინზა', 'Объектив', 'Lens', '1.4 მმ');
INSERT INTO product_specs (id, productId, keyKa, keyRu, keyEn, value) VALUES ('709a10a7-6f8b-45d4-a78a-1d862cfc4db3', 'camera-001', 'ხედვის კუთხე', 'Угол обзора', 'View Angle', '180°');
INSERT INTO product_specs (id, productId, keyKa, keyRu, keyEn, value) VALUES ('c44ceda8-1337-40bc-ba1c-a7a78be2c794', 'camera-001', 'ღამის ხედვა', 'Ночное видение', 'Night Vision', 'ჭკვიანი');
INSERT INTO product_specs (id, productId, keyKa, keyRu, keyEn, value) VALUES ('1ad02ebd-1144-4d91-8be0-b5943e2c7011', 'camera-001', 'ღამის ხედვა (მანძილი)', 'Дальность ночного видения', 'Night Vision Range', '30 მეტრი');
INSERT INTO product_specs (id, productId, keyKa, keyRu, keyEn, value) VALUES ('efcbb018-5134-4299-8c64-c8d063e7c75c', 'camera-001', 'რეზოლუცია', 'Разрешение', 'Resolution', '5 მპ');
INSERT INTO product_specs (id, productId, keyKa, keyRu, keyEn, value) VALUES ('fe7e447f-bcbd-4d8c-b959-ee9c80bfaf75', 'camera-001', 'მიკროფონი', 'Микрофон', 'Microphone', 'კი');
INSERT INTO product_specs (id, productId, keyKa, keyRu, keyEn, value) VALUES ('3327c7df-39f1-4b3d-9cc2-0c8dbd0a7a2e', 'camera-001', 'Micro SD', 'Micro SD', 'Micro SD', '512 GB');
INSERT INTO products (id, slug, category, price, originalPrice, currency, isActive, isFeatured, images, nameKa, nameRu, nameEn, descriptionKa, descriptionRu, descriptionEn, content, relatedProducts, createdAt, updatedAt) VALUES ('camera-002', 'uniview-8-outdoor-camera-4', 'cameras', 169, 199, 'GEL', 1, 1, '["1_i5p8-gw.png"]', 'IP კამერა - 8მპ 4მმ Bullet, 3-Axis, Uniview - IPC2128LB-ADF40K-G', 'Uniview 8 მპ уличная камера 4 მმ', 'Uniview 8 მპ outdoor Camera 4 მმ', NULL, NULL, NULL, 'IP კამერა - 8მპ 4მმ Bullet, 3-Axis, Uniview - IPC2128LB-ADF40K-G. გარე გამოყენების გამოყენება. რეზოლუცია: 8 მპ. ლინზა: 4 მმ.', NULL, '2026-02-18 19:55:02.846', '2026-02-18 19:55:02.846');
INSERT INTO product_specs (id, productId, keyKa, keyRu, keyEn, value) VALUES ('7c812a79-8543-4a15-9495-2449ce08f4b2', 'camera-002', '101 დადგენილება', 'Регламент 101', '101 Regulation', 'კი');
INSERT INTO product_specs (id, productId, keyKa, keyRu, keyEn, value) VALUES ('4255681c-289d-4f5b-952d-cbdd510478bc', 'camera-002', 'ბრენდი', 'Бренд', 'Brand', 'Uniview');
INSERT INTO product_specs (id, productId, keyKa, keyRu, keyEn, value) VALUES ('adf934f3-0435-4696-be10-7136fe200cfe', 'camera-002', 'კამერის ტიპი', 'Тип камеры', 'Camera Type', 'IP');
INSERT INTO product_specs (id, productId, keyKa, keyRu, keyEn, value) VALUES ('af8f9fe3-9b26-4b86-9989-a2ed5df3bbac', 'camera-002', 'კორპუსის ტიპი', 'Тип корпуса', 'Body Type', 'გარე გამოყენების');
INSERT INTO product_specs (id, productId, keyKa, keyRu, keyEn, value) VALUES ('e98620e3-63c4-49a0-ad9d-eab35b62a320', 'camera-002', 'CMOS სენსორი', 'CMOS сенсор', 'CMOS Sensor', '1/2.7" CMOS');
INSERT INTO product_specs (id, productId, keyKa, keyRu, keyEn, value) VALUES ('2f8bd845-643b-4e5b-b4c1-7b7ad9b32e9a', 'camera-002', 'ლინზა', 'Объектив', 'Lens', '4 მმ');
INSERT INTO product_specs (id, productId, keyKa, keyRu, keyEn, value) VALUES ('4d40290d-3fcc-4d84-8f98-219bc84fcda6', 'camera-002', 'ხედვის კუთხე', 'Угол обзора', 'View Angle', '91.2°');
INSERT INTO product_specs (id, productId, keyKa, keyRu, keyEn, value) VALUES ('553f11e7-2ce8-4cc7-848d-d73c9e9e03ab', 'camera-002', 'ღამის ხედვა', 'Ночное видение', 'Night Vision', 'ჭკვიანი');
INSERT INTO product_specs (id, productId, keyKa, keyRu, keyEn, value) VALUES ('4e0d6274-d806-494e-8848-a6e7f14b6753', 'camera-002', 'ღამის ხედვა (მანძილი)', 'Дальность ночного видения', 'Night Vision Range', '30 მეტრი');
INSERT INTO product_specs (id, productId, keyKa, keyRu, keyEn, value) VALUES ('ce5b03f4-4aee-4a46-bc0c-f3b46db77a18', 'camera-002', 'რეზოლუცია', 'Разрешение', 'Resolution', '8 მპ');
INSERT INTO product_specs (id, productId, keyKa, keyRu, keyEn, value) VALUES ('e2c673e1-125c-455b-a6b8-6a731e907f48', 'camera-002', 'მიკროფონი', 'Микрофон', 'Microphone', 'კი');
INSERT INTO product_specs (id, productId, keyKa, keyRu, keyEn, value) VALUES ('edc6f0e2-3ac4-4b51-b3c8-fa080dda81f1', 'camera-002', 'Micro SD', 'Micro SD', 'Micro SD', '512 GB');
INSERT INTO product_specs (id, productId, keyKa, keyRu, keyEn, value) VALUES ('2961a847-7d02-488c-b9b2-5331de2b4f72', 'camera-002', 'დაცვის კლასი', 'Класс защиты', 'Protection Class', 'IP 67');
INSERT INTO product_specs (id, productId, keyKa, keyRu, keyEn, value) VALUES ('e27365aa-1c16-4a6b-b56a-3aa3b8a102af', 'camera-002', 'ადამიანის და ავტომობილის სილუეტის ამოცნობა', 'Распознавание людей и авто', 'Human & Vehicle Detection', 'კი');
INSERT INTO products (id, slug, category, price, originalPrice, currency, isActive, isFeatured, images, nameKa, nameRu, nameEn, descriptionKa, descriptionRu, descriptionEn, content, relatedProducts, createdAt, updatedAt) VALUES ('camera-003', 'tenda-6-outdoor-camera-4', 'cameras', 89, 109, 'GEL', 1, 1, '["Untitled-565_yv2c-w2.png"]', 'Tenda RH9-WCA - IP Camera with 2 lens: 3MP Fixed 4mm + 3MP PT 6mm', 'Tenda 6 მპ уличная камера 4 მმ', 'Tenda 6 მპ outdoor Camera 4 მმ', NULL, NULL, NULL, 'Tenda RH9-WCA - IP Camera with 2 lens: 3MP Fixed 4mm + 3MP PT 6mm. გარე გამოყენების გამოყენება. რეზოლუცია: 6 მპ. ლინზა: 4 მმ.', NULL, '2026-02-18 18:55:02.847', '2026-02-18 18:55:02.847');
INSERT INTO product_specs (id, productId, keyKa, keyRu, keyEn, value) VALUES ('59eb8add-6d42-4fb8-b464-4bf23589abe8', 'camera-003', 'PTZ / PT', 'PTZ / PT', 'PTZ / PT', 'PT');
INSERT INTO product_specs (id, productId, keyKa, keyRu, keyEn, value) VALUES ('75741fd7-9ac5-499d-acd6-c3d4c7c15a88', 'camera-003', 'ბრენდი', 'Бренд', 'Brand', 'Tenda');
INSERT INTO product_specs (id, productId, keyKa, keyRu, keyEn, value) VALUES ('16fe070c-e300-4a16-818d-c230e208274c', 'camera-003', 'კამერის ტიპი', 'Тип камеры', 'Camera Type', 'IP');
INSERT INTO product_specs (id, productId, keyKa, keyRu, keyEn, value) VALUES ('2c9504c4-cb81-4bf4-8dff-3ff46267e5a6', 'camera-003', 'კორპუსის ტიპი', 'Тип корпуса', 'Body Type', 'გარე გამოყენების');
INSERT INTO product_specs (id, productId, keyKa, keyRu, keyEn, value) VALUES ('1e585cdc-e7ef-48ce-a885-52c98fa685fd', 'camera-003', 'CMOS სენსორი', 'CMOS сенсор', 'CMOS Sensor', '1/3" CMOS');
INSERT INTO product_specs (id, productId, keyKa, keyRu, keyEn, value) VALUES ('746ce749-7645-43f5-8b51-7c006a69b0ba', 'camera-003', 'ლინზა', 'Объектив', 'Lens', '4 მმ');
INSERT INTO product_specs (id, productId, keyKa, keyRu, keyEn, value) VALUES ('96adfbcc-9c84-4fe8-b083-fef3bc66b793', 'camera-003', 'ღამის ხედვა', 'Ночное видение', 'Night Vision', 'შავ-თეთრი');
INSERT INTO product_specs (id, productId, keyKa, keyRu, keyEn, value) VALUES ('6cc0e833-7845-4575-a2f7-1691d7cb0766', 'camera-003', 'რეზოლუცია', 'Разрешение', 'Resolution', '6 მპ');
INSERT INTO product_specs (id, productId, keyKa, keyRu, keyEn, value) VALUES ('00f8f73f-57c1-4921-b8ea-d09f5056a01c', 'camera-003', 'Micro SD', 'Micro SD', 'Micro SD', '512 GB');
INSERT INTO product_specs (id, productId, keyKa, keyRu, keyEn, value) VALUES ('b1721a32-4641-452f-9726-7c7daf3deb18', 'camera-003', 'დაცვის კლასი', 'Класс защиты', 'Protection Class', 'IP 65');
INSERT INTO product_specs (id, productId, keyKa, keyRu, keyEn, value) VALUES ('9ef64fd9-2452-4896-a7f7-6e2dca5b36c8', 'camera-003', 'Wi-Fi', 'Wi-Fi', 'Wi-Fi', 'კი');
INSERT INTO products (id, slug, category, price, originalPrice, currency, isActive, isFeatured, images, nameKa, nameRu, nameEn, descriptionKa, descriptionRu, descriptionEn, content, relatedProducts, createdAt, updatedAt) VALUES ('camera-004', 'uniview-2-indoor-camera-5-80', 'cameras', 79, NULL, 'GEL', 1, 1, '["1_yd90-mn.png"]', 'სამეთვალყურეო კამერა, 2mp, 5 - 80mm, Uniview, IPC6412LR-X16-VG', 'Uniview 2 მპ внутренняя камера 5 - 80 მმ', 'Uniview 2 მპ indoor Camera 5 - 80 მმ', NULL, NULL, NULL, 'სამეთვალყურეო კამერა, 2mp, 5 - 80mm, Uniview, IPC6412LR-X16-VG. შიდა გამოყენების გამოყენება. რეზოლუცია: 2 მპ. ლინზა: 5 - 80 მმ.', NULL, '2026-02-18 17:55:02.847', '2026-02-18 17:55:02.847');
INSERT INTO product_specs (id, productId, keyKa, keyRu, keyEn, value) VALUES ('589bcb65-2d5a-45fd-bd18-1579f22ce07c', 'camera-004', 'PTZ / PT', 'PTZ / PT', 'PTZ / PT', 'PTZ');
INSERT INTO product_specs (id, productId, keyKa, keyRu, keyEn, value) VALUES ('74d0ac06-7a67-450f-80cc-5ecdaebe920a', 'camera-004', 'ბრენდი', 'Бренд', 'Brand', 'Uniview');
INSERT INTO product_specs (id, productId, keyKa, keyRu, keyEn, value) VALUES ('0830d9c4-e385-4d87-84a0-a179df917887', 'camera-004', 'კამერის ტიპი', 'Тип камеры', 'Camera Type', 'IP');
INSERT INTO product_specs (id, productId, keyKa, keyRu, keyEn, value) VALUES ('54d77a61-4fbc-42ab-ac42-529932c0f24f', 'camera-004', 'კორპუსის ტიპი', 'Тип корпуса', 'Body Type', 'შიდა გამოყენების');
INSERT INTO product_specs (id, productId, keyKa, keyRu, keyEn, value) VALUES ('e0d90441-8f6b-496f-ab41-39bcd56575e3', 'camera-004', 'CMOS სენსორი', 'CMOS сенсор', 'CMOS Sensor', '1/2.8" CMOS');
INSERT INTO product_specs (id, productId, keyKa, keyRu, keyEn, value) VALUES ('0c71bbc9-a858-449a-8ccc-f867cf350422', 'camera-004', 'ლინზა', 'Объектив', 'Lens', '5 - 80 მმ');
INSERT INTO product_specs (id, productId, keyKa, keyRu, keyEn, value) VALUES ('66995b2d-d9fa-471f-aa36-192df6c7582b', 'camera-004', 'ხედვის კუთხე', 'Угол обзора', 'View Angle', '51.70° to 4.89°');
INSERT INTO product_specs (id, productId, keyKa, keyRu, keyEn, value) VALUES ('07582615-ce56-401b-8420-57d109e0c0d7', 'camera-004', 'ღამის ხედვა', 'Ночное видение', 'Night Vision', 'ჭკვიანი');
INSERT INTO product_specs (id, productId, keyKa, keyRu, keyEn, value) VALUES ('a9a48f26-e8c3-47ec-ae3e-9697e2ce812c', 'camera-004', 'ღამის ხედვა (მანძილი)', 'Дальность ночного видения', 'Night Vision Range', '100 მეტრი');
INSERT INTO product_specs (id, productId, keyKa, keyRu, keyEn, value) VALUES ('e56344e3-27c3-406a-86a5-cc220a80cea3', 'camera-004', 'რეზოლუცია', 'Разрешение', 'Resolution', '2 მპ');
INSERT INTO product_specs (id, productId, keyKa, keyRu, keyEn, value) VALUES ('3d8e52d4-c920-4c6a-8e8a-ec9850ed234d', 'camera-004', 'Micro SD', 'Micro SD', 'Micro SD', '256 GB');
INSERT INTO product_specs (id, productId, keyKa, keyRu, keyEn, value) VALUES ('ac50fac6-d660-4364-8f59-23c694221837', 'camera-004', 'დაცვის კლასი', 'Класс защиты', 'Protection Class', 'IP 66');
INSERT INTO products (id, slug, category, price, originalPrice, currency, isActive, isFeatured, images, nameKa, nameRu, nameEn, descriptionKa, descriptionRu, descriptionEn, content, relatedProducts, createdAt, updatedAt) VALUES ('camera-005', 'uniview-3-indoor-camera-4', 'cameras', 89, NULL, 'GEL', 1, 1, '["1_qg49-ds.png"]', 'კამერა, 3mp, 4mm, Uniview, Uho-S2E-M3', 'Uniview 3 მპ внутренняя камера 4 მმ', 'Uniview 3 მპ indoor Camera 4 მმ', NULL, NULL, NULL, 'კამერა, 3mp, 4mm, Uniview, Uho-S2E-M3. შიდა გამოყენების გამოყენება. რეზოლუცია: 3 მპ. ლინზა: 4 მმ.', NULL, '2026-02-18 16:55:02.849', '2026-02-18 16:55:02.849');
INSERT INTO product_specs (id, productId, keyKa, keyRu, keyEn, value) VALUES ('15fd950d-55db-4592-bb72-bfbd641e5c2a', 'camera-005', 'PTZ / PT', 'PTZ / PT', 'PTZ / PT', 'PT');
INSERT INTO product_specs (id, productId, keyKa, keyRu, keyEn, value) VALUES ('6f5feaa1-3a81-49ff-bc81-2cd51c3943ab', 'camera-005', 'ბრენდი', 'Бренд', 'Brand', 'Uniview');
INSERT INTO product_specs (id, productId, keyKa, keyRu, keyEn, value) VALUES ('3368de4a-506b-465e-8beb-a728e2d842da', 'camera-005', 'კორპუსის ტიპი', 'Тип корпуса', 'Body Type', 'შიდა გამოყენების');
INSERT INTO product_specs (id, productId, keyKa, keyRu, keyEn, value) VALUES ('e4a56aff-208d-4fc4-93e6-d6fadfd4defc', 'camera-005', 'CMOS სენსორი', 'CMOS сенсор', 'CMOS Sensor', '1/3" CMOS');
INSERT INTO product_specs (id, productId, keyKa, keyRu, keyEn, value) VALUES ('fb07a2fc-8a81-48e2-bd4a-ffe2f08afff6', 'camera-005', 'ლინზა', 'Объектив', 'Lens', '4 მმ');
INSERT INTO product_specs (id, productId, keyKa, keyRu, keyEn, value) VALUES ('9c841aa8-632d-4dea-a81f-c28411371e40', 'camera-005', 'ხედვის კუთხე', 'Угол обзора', 'View Angle', '78.2');
INSERT INTO product_specs (id, productId, keyKa, keyRu, keyEn, value) VALUES ('5bc132ee-2c7e-4d60-9ea9-496ecbb6bed6', 'camera-005', 'ღამის ხედვა', 'Ночное видение', 'Night Vision', 'შავ-თეთრი');
INSERT INTO product_specs (id, productId, keyKa, keyRu, keyEn, value) VALUES ('6eb0cd04-c6cc-44d6-beb4-23aa146a144b', 'camera-005', 'ღამის ხედვა (მანძილი)', 'Дальность ночного видения', 'Night Vision Range', '10 მეტრი');
INSERT INTO product_specs (id, productId, keyKa, keyRu, keyEn, value) VALUES ('938f20f7-643a-4390-9121-bdecd2910477', 'camera-005', 'რეზოლუცია', 'Разрешение', 'Resolution', '3 მპ');
INSERT INTO product_specs (id, productId, keyKa, keyRu, keyEn, value) VALUES ('0c148b89-163c-4f3d-a78a-aaf1c1397874', 'camera-005', 'მიკროფონი', 'Микрофон', 'Microphone', 'კი. (ორმხრივი აუდ. კავშირი)');
INSERT INTO product_specs (id, productId, keyKa, keyRu, keyEn, value) VALUES ('2c588a8b-8bff-4a1c-86ee-bb2bb5937efc', 'camera-005', 'Micro SD', 'Micro SD', 'Micro SD', '256 GB');
INSERT INTO product_specs (id, productId, keyKa, keyRu, keyEn, value) VALUES ('fc5f0f58-dda3-4668-ad82-9b804bd4b64f', 'camera-005', 'Wi-Fi', 'Wi-Fi', 'Wi-Fi', 'კი');
INSERT INTO product_specs (id, productId, keyKa, keyRu, keyEn, value) VALUES ('c0129b56-57b2-4e0f-9902-83516d1ff280', 'camera-005', 'ადამიანის და ავტომობილის სილუეტის ამოცნობა', 'Распознавание людей и авто', 'Human & Vehicle Detection', 'კი');
INSERT INTO products (id, slug, category, price, originalPrice, currency, isActive, isFeatured, images, nameKa, nameRu, nameEn, descriptionKa, descriptionRu, descriptionEn, content, relatedProducts, createdAt, updatedAt) VALUES ('camera-006', 'uniview-2-indoor-camera-2-7-13-5', 'cameras', 79, NULL, 'GEL', 1, 1, '["1_xt99-k8.png"]', 'სამეთვალყურეო კამერა, 2mp, 2.7-13.5mm, Uniview, IPC6412LR-X5UPW-VG', 'Uniview 2 მპ внутренняя камера 2.7 - 13.5 მმ', 'Uniview 2 მპ indoor Camera 2.7 - 13.5 მმ', NULL, NULL, NULL, 'სამეთვალყურეო კამერა, 2mp, 2.7-13.5mm, Uniview, IPC6412LR-X5UPW-VG. შიდა გამოყენების გამოყენება. რეზოლუცია: 2 მპ. ლინზა: 2.7 - 13.5 მმ.', NULL, '2026-02-18 15:55:02.849', '2026-02-18 15:55:02.849');
INSERT INTO product_specs (id, productId, keyKa, keyRu, keyEn, value) VALUES ('f4c46508-1b79-433e-84a3-9de20ba6c33b', 'camera-006', 'PTZ / PT', 'PTZ / PT', 'PTZ / PT', 'PTZ');
INSERT INTO product_specs (id, productId, keyKa, keyRu, keyEn, value) VALUES ('8fbb601e-b54c-407c-99f5-8543c5ac4c36', 'camera-006', 'ბრენდი', 'Бренд', 'Brand', 'Uniview');
INSERT INTO product_specs (id, productId, keyKa, keyRu, keyEn, value) VALUES ('8fb6e8f2-2705-4f65-a501-f133c19f94cf', 'camera-006', 'კამერის ტიპი', 'Тип камеры', 'Camera Type', 'IP');
INSERT INTO product_specs (id, productId, keyKa, keyRu, keyEn, value) VALUES ('ac37b775-1f14-40cc-b15a-3f259dc0ab26', 'camera-006', 'კორპუსის ტიპი', 'Тип корпуса', 'Body Type', 'შიდა გამოყენების');
INSERT INTO product_specs (id, productId, keyKa, keyRu, keyEn, value) VALUES ('7303cd6c-58df-4a19-bfe8-bde2832d8e08', 'camera-006', 'CMOS სენსორი', 'CMOS сенсор', 'CMOS Sensor', '1/2.9" CMOS');
INSERT INTO product_specs (id, productId, keyKa, keyRu, keyEn, value) VALUES ('72245139-5cf9-44f1-ae18-10bc2e5c7c0e', 'camera-006', 'ლინზა', 'Объектив', 'Lens', '2.7 - 13.5 მმ');
INSERT INTO product_specs (id, productId, keyKa, keyRu, keyEn, value) VALUES ('9378fc6d-bb10-457a-ad0e-3868ab4d885e', 'camera-006', 'ხედვის კუთხე', 'Угол обзора', 'View Angle', '29.1° to 104.3°');
INSERT INTO product_specs (id, productId, keyKa, keyRu, keyEn, value) VALUES ('e663327c-f703-45d9-9b35-c4d1e25744e1', 'camera-006', 'ღამის ხედვა', 'Ночное видение', 'Night Vision', 'ჭკვიანი');
INSERT INTO product_specs (id, productId, keyKa, keyRu, keyEn, value) VALUES ('77425a04-3ba0-4c0f-a723-680adb9655e7', 'camera-006', 'ღამის ხედვა (მანძილი)', 'Дальность ночного видения', 'Night Vision Range', '30 მეტრი');
INSERT INTO product_specs (id, productId, keyKa, keyRu, keyEn, value) VALUES ('c9afd08b-0158-4d6a-9f4b-f12fda59bf3b', 'camera-006', 'რეზოლუცია', 'Разрешение', 'Resolution', '2 მპ');
INSERT INTO product_specs (id, productId, keyKa, keyRu, keyEn, value) VALUES ('3342cc7c-29f5-4e55-8ac5-525c435d5b01', 'camera-006', 'მიკროფონი', 'Микрофон', 'Microphone', 'კი');
INSERT INTO product_specs (id, productId, keyKa, keyRu, keyEn, value) VALUES ('b0e5da41-2af4-4937-b796-9733c47f1e45', 'camera-006', 'Micro SD', 'Micro SD', 'Micro SD', '256 GB');
INSERT INTO products (id, slug, category, price, originalPrice, currency, isActive, isFeatured, images, nameKa, nameRu, nameEn, descriptionKa, descriptionRu, descriptionEn, content, relatedProducts, createdAt, updatedAt) VALUES ('camera-007', 'uniview-2-outdoor-camera-6', 'cameras', 79, NULL, 'GEL', 1, 1, '["1_mk23-ay.png"]', 'IP კამერა - 2MP, 6MM, Bullet, IK10, IR 50M, Uniview, IPC2222EBR5-HDUPF60', 'Uniview 2 მპ уличная камера 6 მმ', 'Uniview 2 მპ outdoor Camera 6 მმ', NULL, NULL, NULL, 'IP კამერა - 2MP, 6MM, Bullet, IK10, IR 50M, Uniview, IPC2222EBR5-HDUPF60. გარე გამოყენების გამოყენება. რეზოლუცია: 2 მპ. ლინზა: 6 მმ.', NULL, '2026-02-18 14:55:02.850', '2026-02-18 14:55:02.850');
INSERT INTO product_specs (id, productId, keyKa, keyRu, keyEn, value) VALUES ('f11d6efa-16d4-4b54-9769-b80665b0661e', 'camera-007', 'ბრენდი', 'Бренд', 'Brand', 'Uniview');
INSERT INTO product_specs (id, productId, keyKa, keyRu, keyEn, value) VALUES ('88840c6e-98ba-4e7d-a2e6-b28075aa9309', 'camera-007', 'კამერის ტიპი', 'Тип камеры', 'Camera Type', 'IP');
INSERT INTO product_specs (id, productId, keyKa, keyRu, keyEn, value) VALUES ('1a20bbe1-9c40-4c2f-bb95-637ee291220c', 'camera-007', 'კორპუსის ტიპი', 'Тип корпуса', 'Body Type', 'გარე გამოყენების');
INSERT INTO product_specs (id, productId, keyKa, keyRu, keyEn, value) VALUES ('866d919d-24e7-4a1a-9702-261ffdb4a9e4', 'camera-007', 'CMOS სენსორი', 'CMOS сенсор', 'CMOS Sensor', '1/2.8" CMOS');
INSERT INTO product_specs (id, productId, keyKa, keyRu, keyEn, value) VALUES ('8e76cc90-33b0-4572-b81d-edaaf4fa007c', 'camera-007', 'ლინზა', 'Объектив', 'Lens', '6 მმ');
INSERT INTO product_specs (id, productId, keyKa, keyRu, keyEn, value) VALUES ('5d4f8b69-bb3e-424a-b249-d12ec2154b78', 'camera-007', 'ხედვის კუთხე', 'Угол обзора', 'View Angle', '53.3°');
INSERT INTO product_specs (id, productId, keyKa, keyRu, keyEn, value) VALUES ('c6310f35-8ca8-43ff-8eff-7afbb393ff0f', 'camera-007', 'ღამის ხედვა', 'Ночное видение', 'Night Vision', 'ჭკვიანი');
INSERT INTO product_specs (id, productId, keyKa, keyRu, keyEn, value) VALUES ('c93f8162-da22-429e-a788-736a04472509', 'camera-007', 'ღამის ხედვა (მანძილი)', 'Дальность ночного видения', 'Night Vision Range', '50 მეტრი');
INSERT INTO product_specs (id, productId, keyKa, keyRu, keyEn, value) VALUES ('2e62e7b8-0564-4e09-b4f5-39b5d94c38f5', 'camera-007', 'რეზოლუცია', 'Разрешение', 'Resolution', '2 მპ');
INSERT INTO product_specs (id, productId, keyKa, keyRu, keyEn, value) VALUES ('23fc7be7-ea52-447e-b3a1-7b55107a3f3d', 'camera-007', 'Micro SD', 'Micro SD', 'Micro SD', '256 GB');
INSERT INTO product_specs (id, productId, keyKa, keyRu, keyEn, value) VALUES ('06c89b3d-0aaa-42ae-8eba-40f490ef81ce', 'camera-007', 'დაცვის კლასი', 'Класс защиты', 'Protection Class', 'IP 67 / IK10');
INSERT INTO products (id, slug, category, price, originalPrice, currency, isActive, isFeatured, images, nameKa, nameRu, nameEn, descriptionKa, descriptionRu, descriptionEn, content, relatedProducts, createdAt, updatedAt) VALUES ('camera-008', 'uniview-2-outdoor-camera-4', 'cameras', 79, NULL, 'GEL', 1, 1, '["Untitled-1_0zo4-6e.jpg"]', '2MP HD IR Fixed Mini Bullet Network Camera 4.0, Uniview - IPC2122LB-SF40K-A', 'Uniview 2 მპ уличная камера 4 მმ', 'Uniview 2 მპ outdoor Camera 4 მმ', NULL, NULL, NULL, '2MP HD IR Fixed Mini Bullet Network Camera 4.0, Uniview - IPC2122LB-SF40K-A. გარე გამოყენების გამოყენება. რეზოლუცია: 2 მპ. ლინზა: 4 მმ.', NULL, '2026-02-18 13:55:02.851', '2026-02-18 13:55:02.851');
INSERT INTO product_specs (id, productId, keyKa, keyRu, keyEn, value) VALUES ('6cbe58e5-6493-44eb-89ea-8cfea22e5e38', 'camera-008', 'ბრენდი', 'Бренд', 'Brand', 'Uniview');
INSERT INTO product_specs (id, productId, keyKa, keyRu, keyEn, value) VALUES ('c0a3a9d2-38ca-48b7-8a2c-b9ccee3745b6', 'camera-008', 'კამერის ტიპი', 'Тип камеры', 'Camera Type', 'IP');
INSERT INTO product_specs (id, productId, keyKa, keyRu, keyEn, value) VALUES ('8d326961-7100-44b0-ad88-a9d1762a9b6b', 'camera-008', 'კორპუსის ტიპი', 'Тип корпуса', 'Body Type', 'გარე გამოყენების');
INSERT INTO product_specs (id, productId, keyKa, keyRu, keyEn, value) VALUES ('725a734c-923a-4594-9daf-d87e92301e71', 'camera-008', 'CMOS სენსორი', 'CMOS сенсор', 'CMOS Sensor', '1/2.9" CMOS');
INSERT INTO product_specs (id, productId, keyKa, keyRu, keyEn, value) VALUES ('02b78932-3313-4946-a571-a927e1c07018', 'camera-008', 'ლინზა', 'Объектив', 'Lens', '4 მმ');
INSERT INTO product_specs (id, productId, keyKa, keyRu, keyEn, value) VALUES ('fc1987ea-020b-441c-8f6d-27bee217ee55', 'camera-008', 'ხედვის კუთხე', 'Угол обзора', 'View Angle', '83.7°');
INSERT INTO product_specs (id, productId, keyKa, keyRu, keyEn, value) VALUES ('d3c54cc1-2fdb-4a69-a3f6-6e26bc45d4c4', 'camera-008', 'ღამის ხედვა', 'Ночное видение', 'Night Vision', 'ჭკვიანი');
INSERT INTO product_specs (id, productId, keyKa, keyRu, keyEn, value) VALUES ('ef56e73f-0e91-4598-84e4-ae3bb8b43dbf', 'camera-008', 'ღამის ხედვა (მანძილი)', 'Дальность ночного видения', 'Night Vision Range', '30 მეტრი');
INSERT INTO product_specs (id, productId, keyKa, keyRu, keyEn, value) VALUES ('4d1af0b0-b39f-45f0-9c66-4de1be05da05', 'camera-008', 'რეზოლუცია', 'Разрешение', 'Resolution', '2 მპ');
INSERT INTO product_specs (id, productId, keyKa, keyRu, keyEn, value) VALUES ('732cb8c0-5b81-49d9-9f55-e43e317147b2', 'camera-008', 'Micro SD', 'Micro SD', 'Micro SD', '128 GB');
INSERT INTO product_specs (id, productId, keyKa, keyRu, keyEn, value) VALUES ('25c0619b-61f6-4543-84b0-c1123d979c54', 'camera-008', 'დაცვის კლასი', 'Класс защиты', 'Protection Class', 'IP 67');
INSERT INTO products (id, slug, category, price, originalPrice, currency, isActive, isFeatured, images, nameKa, nameRu, nameEn, descriptionKa, descriptionRu, descriptionEn, content, relatedProducts, createdAt, updatedAt) VALUES ('camera-009', 'uniview-4-outdoor-camera-4', 'cameras', 119, NULL, 'GEL', 1, 1, '["Untitled-537_hb4p-t9.jpg"]', 'სამეთვალყურეო კამერა, 4mp, 4mm, SD Card, Mic, Uniview, IPC2124LB-ADF40KM-H', 'Uniview 4 მპ уличная камера 4 მმ', 'Uniview 4 მპ outdoor Camera 4 მმ', NULL, NULL, NULL, 'სამეთვალყურეო კამერა, 4mp, 4mm, SD Card, Mic, Uniview, IPC2124LB-ADF40KM-H. გარე გამოყენების გამოყენება. რეზოლუცია: 4 მპ. ლინზა: 4 მმ.', NULL, '2026-02-18 12:55:02.852', '2026-02-18 12:55:02.852');
INSERT INTO product_specs (id, productId, keyKa, keyRu, keyEn, value) VALUES ('d039b9c1-e46c-4fae-879b-c7d27dfe4bf9', 'camera-009', 'ბრენდი', 'Бренд', 'Brand', 'Uniview');
INSERT INTO product_specs (id, productId, keyKa, keyRu, keyEn, value) VALUES ('cdc6c31c-978d-4811-ad59-c64f3c31092e', 'camera-009', 'კამერის ტიპი', 'Тип камеры', 'Camera Type', 'IP');
INSERT INTO product_specs (id, productId, keyKa, keyRu, keyEn, value) VALUES ('7c9f20e4-87bc-4e6e-84e0-5833912ba809', 'camera-009', 'კორპუსის ტიპი', 'Тип корпуса', 'Body Type', 'გარე გამოყენების');
INSERT INTO product_specs (id, productId, keyKa, keyRu, keyEn, value) VALUES ('bc8e0a0e-d720-477b-a5a2-95dda64bc8fd', 'camera-009', 'CMOS სენსორი', 'CMOS сенсор', 'CMOS Sensor', '1/2.9" CMOS');
INSERT INTO product_specs (id, productId, keyKa, keyRu, keyEn, value) VALUES ('0aa567b0-3271-449d-8c5f-475a5540f989', 'camera-009', 'ლინზა', 'Объектив', 'Lens', '4 მმ');
INSERT INTO product_specs (id, productId, keyKa, keyRu, keyEn, value) VALUES ('e7638d33-5238-4ff2-ae25-f08f08004fc6', 'camera-009', 'ხედვის კუთხე', 'Угол обзора', 'View Angle', '101.5°');
INSERT INTO product_specs (id, productId, keyKa, keyRu, keyEn, value) VALUES ('028fe740-640e-4d8d-91d2-0f5fffae6100', 'camera-009', 'ღამის ხედვა', 'Ночное видение', 'Night Vision', 'ჭკვიანი');
INSERT INTO product_specs (id, productId, keyKa, keyRu, keyEn, value) VALUES ('23b66442-802a-45a8-8744-14f7ee001a38', 'camera-009', 'ღამის ხედვა (მანძილი)', 'Дальность ночного видения', 'Night Vision Range', '30 მეტრი');
INSERT INTO product_specs (id, productId, keyKa, keyRu, keyEn, value) VALUES ('1e6dbb51-788a-4cf2-a2fd-72b960d535f8', 'camera-009', 'რეზოლუცია', 'Разрешение', 'Resolution', '4 მპ');
INSERT INTO product_specs (id, productId, keyKa, keyRu, keyEn, value) VALUES ('a48de994-9694-4bef-ae5b-1e62712cf3c7', 'camera-009', 'მიკროფონი', 'Микрофон', 'Microphone', 'კი');
INSERT INTO product_specs (id, productId, keyKa, keyRu, keyEn, value) VALUES ('f8879066-8a19-474b-b330-371e40fd9701', 'camera-009', 'Micro SD', 'Micro SD', 'Micro SD', '128 GB');
INSERT INTO product_specs (id, productId, keyKa, keyRu, keyEn, value) VALUES ('0beb10cd-1be4-4875-84b0-01cc2be10bde', 'camera-009', 'დაცვის კლასი', 'Класс защиты', 'Protection Class', 'IP 67');
INSERT INTO products (id, slug, category, price, originalPrice, currency, isActive, isFeatured, images, nameKa, nameRu, nameEn, descriptionKa, descriptionRu, descriptionEn, content, relatedProducts, createdAt, updatedAt) VALUES ('camera-010', 'uniview-8-outdoor-camera-4-010', 'cameras', 169, NULL, 'GEL', 1, 1, '["Untitled-570.jpg"]', 'სამეთვალყურეო კამერა, 8mp, 4mm, Uniview, IPC2128LE-ADF40KM-G', 'Uniview 8 მპ уличная камера 4 მმ', 'Uniview 8 მპ outdoor Camera 4 მმ', NULL, NULL, NULL, 'სამეთვალყურეო კამერა, 8mp, 4mm, Uniview, IPC2128LE-ADF40KM-G. გარე გამოყენების გამოყენება. რეზოლუცია: 8 მპ. ლინზა: 4 მმ.', NULL, '2026-02-18 11:55:02.852', '2026-02-18 11:55:02.852');
INSERT INTO product_specs (id, productId, keyKa, keyRu, keyEn, value) VALUES ('b1fde899-c224-4d28-ad47-c51a2c41c4fc', 'camera-010', 'ბრენდი', 'Бренд', 'Brand', 'Uniview');
INSERT INTO product_specs (id, productId, keyKa, keyRu, keyEn, value) VALUES ('c8ca097f-9e53-44ed-b62b-41adb57b9697', 'camera-010', 'კამერის ტიპი', 'Тип камеры', 'Camera Type', 'IP');
INSERT INTO product_specs (id, productId, keyKa, keyRu, keyEn, value) VALUES ('73ddc31c-d48f-4814-bc97-faf362e379d1', 'camera-010', 'კორპუსის ტიპი', 'Тип корпуса', 'Body Type', 'გარე გამოყენების');
INSERT INTO product_specs (id, productId, keyKa, keyRu, keyEn, value) VALUES ('496067c6-c631-443c-8468-2541ded18ee9', 'camera-010', 'CMOS სენსორი', 'CMOS сенсор', 'CMOS Sensor', '1/2.7" CMOS');
INSERT INTO product_specs (id, productId, keyKa, keyRu, keyEn, value) VALUES ('41da3ebd-dd8f-44ec-8e50-5f64ba6e09a4', 'camera-010', 'ლინზა', 'Объектив', 'Lens', '4 მმ');
INSERT INTO product_specs (id, productId, keyKa, keyRu, keyEn, value) VALUES ('83e39cc8-81de-4554-87d4-81725986e357', 'camera-010', 'ხედვის კუთხე', 'Угол обзора', 'View Angle', '112.9°');
INSERT INTO product_specs (id, productId, keyKa, keyRu, keyEn, value) VALUES ('d925a327-4048-4a49-978a-756c8e959e4f', 'camera-010', 'ღამის ხედვა', 'Ночное видение', 'Night Vision', 'ჭკვიანი');
INSERT INTO product_specs (id, productId, keyKa, keyRu, keyEn, value) VALUES ('681ffd6d-2e42-490e-a8ef-be6471eb410e', 'camera-010', 'ღამის ხედვა (მანძილი)', 'Дальность ночного видения', 'Night Vision Range', '50 მეტრი');
INSERT INTO product_specs (id, productId, keyKa, keyRu, keyEn, value) VALUES ('81ecaf60-4615-4655-804d-41a09da138f2', 'camera-010', 'რეზოლუცია', 'Разрешение', 'Resolution', '8 მპ');
INSERT INTO product_specs (id, productId, keyKa, keyRu, keyEn, value) VALUES ('4c5d8e4a-90e2-4f2c-85fe-96697609e5f1', 'camera-010', 'მიკროფონი', 'Микрофон', 'Microphone', 'კი');
INSERT INTO product_specs (id, productId, keyKa, keyRu, keyEn, value) VALUES ('197774b4-4652-422a-8d7b-aa6b0428d733', 'camera-010', 'Micro SD', 'Micro SD', 'Micro SD', '256 GB');
INSERT INTO product_specs (id, productId, keyKa, keyRu, keyEn, value) VALUES ('dfab32d3-237b-4f8e-8b0a-79af0ea33a13', 'camera-010', 'დაცვის კლასი', 'Класс защиты', 'Protection Class', 'IP 67');
INSERT INTO products (id, slug, category, price, originalPrice, currency, isActive, isFeatured, images, nameKa, nameRu, nameEn, descriptionKa, descriptionRu, descriptionEn, content, relatedProducts, createdAt, updatedAt) VALUES ('camera-011', 'uniview-4-outdoor-camera-4-011', 'cameras', 119, NULL, 'GEL', 1, 1, '["Untitled-587_7igj-jh.jpg"]', 'სამეთვალყურეო კამერა, 4mp, 4mm, Uniview, IPC2124LE-ADF40KM-G', 'Uniview 4 მპ уличная камера 4 მმ', 'Uniview 4 მპ outdoor Camera 4 მმ', NULL, NULL, NULL, 'სამეთვალყურეო კამერა, 4mp, 4mm, Uniview, IPC2124LE-ADF40KM-G. გარე გამოყენების გამოყენება. რეზოლუცია: 4 მპ. ლინზა: 4 მმ.', NULL, '2026-02-18 10:55:02.853', '2026-02-18 10:55:02.853');
INSERT INTO product_specs (id, productId, keyKa, keyRu, keyEn, value) VALUES ('4bebe251-4aea-4963-9784-64a327d233e6', 'camera-011', 'ბრენდი', 'Бренд', 'Brand', 'Uniview');
INSERT INTO product_specs (id, productId, keyKa, keyRu, keyEn, value) VALUES ('0ee87082-5132-491f-8512-75d19a45a826', 'camera-011', 'კამერის ტიპი', 'Тип камеры', 'Camera Type', 'IP');
INSERT INTO product_specs (id, productId, keyKa, keyRu, keyEn, value) VALUES ('f62b47eb-1847-48c9-9e00-3c898b1a5452', 'camera-011', 'კორპუსის ტიპი', 'Тип корпуса', 'Body Type', 'გარე გამოყენების');
INSERT INTO product_specs (id, productId, keyKa, keyRu, keyEn, value) VALUES ('74f61409-59b5-4a16-ba23-b48ea26580bc', 'camera-011', 'CMOS სენსორი', 'CMOS сенсор', 'CMOS Sensor', '1/3" CMOS');
INSERT INTO product_specs (id, productId, keyKa, keyRu, keyEn, value) VALUES ('f23cbfb7-0d6c-4789-9ed7-d81063989b5a', 'camera-011', 'ლინზა', 'Объектив', 'Lens', '4 მმ');
INSERT INTO product_specs (id, productId, keyKa, keyRu, keyEn, value) VALUES ('b7b48222-e763-478f-a1ea-47e35ab5b66f', 'camera-011', 'ხედვის კუთხე', 'Угол обзора', 'View Angle', '101.1°');
INSERT INTO product_specs (id, productId, keyKa, keyRu, keyEn, value) VALUES ('05211799-d124-4c03-92f7-fc598130e852', 'camera-011', 'ღამის ხედვა', 'Ночное видение', 'Night Vision', 'ჭკვიანი');
INSERT INTO product_specs (id, productId, keyKa, keyRu, keyEn, value) VALUES ('95f4d9bf-ed8f-45b0-b7f7-ffc5b1e481c6', 'camera-011', 'ღამის ხედვა (მანძილი)', 'Дальность ночного видения', 'Night Vision Range', '50 მეტრი');
INSERT INTO product_specs (id, productId, keyKa, keyRu, keyEn, value) VALUES ('3b9c6b0f-597d-455e-adcf-6e70834e0031', 'camera-011', 'რეზოლუცია', 'Разрешение', 'Resolution', '4 მპ');
INSERT INTO product_specs (id, productId, keyKa, keyRu, keyEn, value) VALUES ('bf0cbab3-1b50-4967-99a2-5664e57f5605', 'camera-011', 'მიკროფონი', 'Микрофон', 'Microphone', 'კი');
INSERT INTO product_specs (id, productId, keyKa, keyRu, keyEn, value) VALUES ('f53e5b55-d303-47b4-ba5b-de18fa863695', 'camera-011', 'Micro SD', 'Micro SD', 'Micro SD', '256 GB');
INSERT INTO product_specs (id, productId, keyKa, keyRu, keyEn, value) VALUES ('eac97aa6-6419-427a-bb5f-f9fb9fe09587', 'camera-011', 'დაცვის კლასი', 'Класс защиты', 'Protection Class', 'IP 67');
INSERT INTO product_specs (id, productId, keyKa, keyRu, keyEn, value) VALUES ('4524c7d8-529a-49c5-b343-d74bc9e78a1e', 'camera-011', 'ადამიანის და ავტომობილის სილუეტის ამოცნობა', 'Распознавание людей и авто', 'Human & Vehicle Detection', 'კი');
INSERT INTO products (id, slug, category, price, originalPrice, currency, isActive, isFeatured, images, nameKa, nameRu, nameEn, descriptionKa, descriptionRu, descriptionEn, content, relatedProducts, createdAt, updatedAt) VALUES ('camera-012', 'uniview-2-outdoor-camera-4-012', 'cameras', 89, NULL, 'GEL', 1, 1, '["Untitled-569.jpg"]', 'სამეთვალყურეო კამერა, 2mp, 4.0mm, Uniview, IPC2222ER5-DUPF40-C', 'Uniview 2 მპ уличная камера 4 მმ', 'Uniview 2 მპ outdoor Camera 4 მმ', NULL, NULL, NULL, 'სამეთვალყურეო კამერა, 2mp, 4.0mm, Uniview, IPC2222ER5-DUPF40-C. გარე გამოყენების გამოყენება. რეზოლუცია: 2 მპ. ლინზა: 4 მმ.', NULL, '2026-02-18 09:55:02.853', '2026-02-18 09:55:02.853');
INSERT INTO product_specs (id, productId, keyKa, keyRu, keyEn, value) VALUES ('7a1c3f16-3d9d-4574-adb6-7af5a9cb7354', 'camera-012', 'ბრენდი', 'Бренд', 'Brand', 'Uniview');
INSERT INTO product_specs (id, productId, keyKa, keyRu, keyEn, value) VALUES ('c1269e4a-c44c-4ed1-afb8-a24f0b11e398', 'camera-012', 'კამერის ტიპი', 'Тип камеры', 'Camera Type', 'IP');
INSERT INTO product_specs (id, productId, keyKa, keyRu, keyEn, value) VALUES ('f77f8419-8249-43c1-ab83-0288bf1eb481', 'camera-012', 'კორპუსის ტიპი', 'Тип корпуса', 'Body Type', 'გარე გამოყენების');
INSERT INTO product_specs (id, productId, keyKa, keyRu, keyEn, value) VALUES ('ad7f48e7-c6e9-4314-9fb8-438289abc60b', 'camera-012', 'CMOS სენსორი', 'CMOS сенсор', 'CMOS Sensor', '1/2.8" CMOS');
INSERT INTO product_specs (id, productId, keyKa, keyRu, keyEn, value) VALUES ('18e51f0b-bd93-49fe-a741-e52a11481862', 'camera-012', 'ლინზა', 'Объектив', 'Lens', '4 მმ');
INSERT INTO product_specs (id, productId, keyKa, keyRu, keyEn, value) VALUES ('4531eac6-8ec6-4ad8-bb70-760d19eb5456', 'camera-012', 'ხედვის კუთხე', 'Угол обзора', 'View Angle', '84.3°');
INSERT INTO product_specs (id, productId, keyKa, keyRu, keyEn, value) VALUES ('7d14718b-fda6-45f4-8256-f7093adda9c9', 'camera-012', 'ღამის ხედვა', 'Ночное видение', 'Night Vision', 'ჭკვიანი');
INSERT INTO product_specs (id, productId, keyKa, keyRu, keyEn, value) VALUES ('0a2384a6-d97c-4c3e-9fbc-24c0e3ca2ffc', 'camera-012', 'ღამის ხედვა (მანძილი)', 'Дальность ночного видения', 'Night Vision Range', '50 მეტრი');
INSERT INTO product_specs (id, productId, keyKa, keyRu, keyEn, value) VALUES ('acbf8cf5-45c2-4ea5-8638-46410debfa96', 'camera-012', 'რეზოლუცია', 'Разрешение', 'Resolution', '2 მპ');
INSERT INTO product_specs (id, productId, keyKa, keyRu, keyEn, value) VALUES ('21d72f33-dc99-4c95-aae9-2020f44a1424', 'camera-012', 'Micro SD', 'Micro SD', 'Micro SD', '128 GB');
INSERT INTO product_specs (id, productId, keyKa, keyRu, keyEn, value) VALUES ('65727a06-485f-4fa3-927c-998666bf1711', 'camera-012', 'დაცვის კლასი', 'Класс защиты', 'Protection Class', 'IP 67 / IK10');
INSERT INTO products (id, slug, category, price, originalPrice, currency, isActive, isFeatured, images, nameKa, nameRu, nameEn, descriptionKa, descriptionRu, descriptionEn, content, relatedProducts, createdAt, updatedAt) VALUES ('camera-013', 'uniview-4-outdoor-camera-4-013', 'cameras', 109, NULL, 'GEL', 1, 0, '["Untitled-618.jpg"]', 'სამეთვალყურეო კამერა, 4mp, 4mm, Uniview, IPC2314SB-ADF40KM-I0', 'Uniview 4 მპ уличная камера 4 მმ', 'Uniview 4 მპ outdoor Camera 4 მმ', NULL, NULL, NULL, 'სამეთვალყურეო კამერა, 4mp, 4mm, Uniview, IPC2314SB-ADF40KM-I0. გარე გამოყენების გამოყენება. რეზოლუცია: 4 მპ. ლინზა: 4 მმ.', NULL, '2026-02-18 08:55:02.853', '2026-02-18 08:55:02.853');
INSERT INTO product_specs (id, productId, keyKa, keyRu, keyEn, value) VALUES ('25875e0d-f9a2-4763-84dd-475f51f4b885', 'camera-013', 'ბრენდი', 'Бренд', 'Brand', 'Uniview');
INSERT INTO product_specs (id, productId, keyKa, keyRu, keyEn, value) VALUES ('48b74e1e-9838-4cfc-89aa-c483a9dff2ff', 'camera-013', 'კამერის ტიპი', 'Тип камеры', 'Camera Type', 'IP');
INSERT INTO product_specs (id, productId, keyKa, keyRu, keyEn, value) VALUES ('8e80aebb-58d9-4107-96f7-a4c69e3faa6e', 'camera-013', 'კორპუსის ტიპი', 'Тип корпуса', 'Body Type', 'გარე გამოყენების');
INSERT INTO product_specs (id, productId, keyKa, keyRu, keyEn, value) VALUES ('85e3a539-bc8c-4710-bff8-8a6ab21f1b63', 'camera-013', 'CMOS სენსორი', 'CMOS сенсор', 'CMOS Sensor', '1/2.7" CMOS');
INSERT INTO product_specs (id, productId, keyKa, keyRu, keyEn, value) VALUES ('652e65fe-a409-41be-9f6d-27f17a72c8d6', 'camera-013', 'ლინზა', 'Объектив', 'Lens', '4 მმ');
INSERT INTO product_specs (id, productId, keyKa, keyRu, keyEn, value) VALUES ('5ef57136-1176-49e5-9b09-e06af9e347e3', 'camera-013', 'ხედვის კუთხე', 'Угол обзора', 'View Angle', '83.7°');
INSERT INTO product_specs (id, productId, keyKa, keyRu, keyEn, value) VALUES ('04d3ee78-1d77-4445-8408-0290b9d975b9', 'camera-013', 'ღამის ხედვა', 'Ночное видение', 'Night Vision', 'ჭკვიანი');
INSERT INTO product_specs (id, productId, keyKa, keyRu, keyEn, value) VALUES ('c20a362a-78ba-434f-b343-1b1a9c96ae7a', 'camera-013', 'ღამის ხედვა (მანძილი)', 'Дальность ночного видения', 'Night Vision Range', '80 მეტრი');
INSERT INTO product_specs (id, productId, keyKa, keyRu, keyEn, value) VALUES ('fc9fa2f5-3c24-40d1-8965-75d2716dd9c4', 'camera-013', 'რეზოლუცია', 'Разрешение', 'Resolution', '4 მპ');
INSERT INTO product_specs (id, productId, keyKa, keyRu, keyEn, value) VALUES ('3aec3c04-0d95-4edc-8cf1-cb8f3bac83ca', 'camera-013', 'მიკროფონი', 'Микрофон', 'Microphone', 'კი');
INSERT INTO product_specs (id, productId, keyKa, keyRu, keyEn, value) VALUES ('b14fbdfd-fbde-430b-b235-6c244414edd1', 'camera-013', 'Micro SD', 'Micro SD', 'Micro SD', '256 GB');
INSERT INTO product_specs (id, productId, keyKa, keyRu, keyEn, value) VALUES ('d4dc88e8-e3d9-4170-adbb-295fea1a51a4', 'camera-013', 'დაცვის კლასი', 'Класс защиты', 'Protection Class', 'IP 67');
INSERT INTO product_specs (id, productId, keyKa, keyRu, keyEn, value) VALUES ('808b4cc8-8316-4035-8cf9-f64888326091', 'camera-013', 'ადამიანის და ავტომობილის სილუეტის ამოცნობა', 'Распознавание людей и авто', 'Human & Vehicle Detection', 'კი');
INSERT INTO products (id, slug, category, price, originalPrice, currency, isActive, isFeatured, images, nameKa, nameRu, nameEn, descriptionKa, descriptionRu, descriptionEn, content, relatedProducts, createdAt, updatedAt) VALUES ('camera-014', 'uniview-5-outdoor-camera-2-8', 'cameras', 129, NULL, 'GEL', 1, 0, '["Untitled-587.jpg"]', 'სამეთვალყურეო კამერა, 5mp, 2.8mm, Uniview, IPC2125LE-ADF40KM-G', 'Uniview 5 მპ уличная камера 2.8 მმ', 'Uniview 5 მპ outdoor Camera 2.8 მმ', NULL, NULL, NULL, 'სამეთვალყურეო კამერა, 5mp, 2.8mm, Uniview, IPC2125LE-ADF40KM-G. გარე გამოყენების გამოყენება. რეზოლუცია: 5 მპ. ლინზა: 2.8 მმ.', NULL, '2026-02-18 07:55:02.854', '2026-02-18 07:55:02.854');
INSERT INTO product_specs (id, productId, keyKa, keyRu, keyEn, value) VALUES ('ceabcf21-2d04-4abd-acf5-b34ad225d698', 'camera-014', 'ბრენდი', 'Бренд', 'Brand', 'Uniview');
INSERT INTO product_specs (id, productId, keyKa, keyRu, keyEn, value) VALUES ('aa87e4ac-7d10-473e-a3b3-ca83035d079a', 'camera-014', 'კამერის ტიპი', 'Тип камеры', 'Camera Type', 'IP');
INSERT INTO product_specs (id, productId, keyKa, keyRu, keyEn, value) VALUES ('05d17833-ece9-41d3-aa82-e2ac66c60ec3', 'camera-014', 'კორპუსის ტიპი', 'Тип корпуса', 'Body Type', 'გარე გამოყენების');
INSERT INTO product_specs (id, productId, keyKa, keyRu, keyEn, value) VALUES ('6d38fe7f-9606-45d9-acf5-433664f2ebba', 'camera-014', 'CMOS სენსორი', 'CMOS сенсор', 'CMOS Sensor', '1/2.7" CMOS');
INSERT INTO product_specs (id, productId, keyKa, keyRu, keyEn, value) VALUES ('a8a59855-1544-4781-be9a-cac396067eb2', 'camera-014', 'ლინზა', 'Объектив', 'Lens', '2.8 მმ');
INSERT INTO product_specs (id, productId, keyKa, keyRu, keyEn, value) VALUES ('d82b804a-547f-47d2-81f8-4b8ff912c750', 'camera-014', 'ხედვის კუთხე', 'Угол обзора', 'View Angle', '112.9°');
INSERT INTO product_specs (id, productId, keyKa, keyRu, keyEn, value) VALUES ('4514e8fb-234a-4ba0-b3a3-990f251aea03', 'camera-014', 'ღამის ხედვა', 'Ночное видение', 'Night Vision', 'ჭკვიანი');
INSERT INTO product_specs (id, productId, keyKa, keyRu, keyEn, value) VALUES ('d6ea9775-75b4-44af-a0bc-d7d2d2e649db', 'camera-014', 'ღამის ხედვა (მანძილი)', 'Дальность ночного видения', 'Night Vision Range', '50 მეტრი');
INSERT INTO product_specs (id, productId, keyKa, keyRu, keyEn, value) VALUES ('1912f317-ce1d-4968-98d6-128244804de8', 'camera-014', 'რეზოლუცია', 'Разрешение', 'Resolution', '5 მპ');
INSERT INTO product_specs (id, productId, keyKa, keyRu, keyEn, value) VALUES ('e9ba85ac-368f-4e51-b9aa-0df698b4aedb', 'camera-014', 'მიკროფონი', 'Микрофон', 'Microphone', 'კი');
INSERT INTO product_specs (id, productId, keyKa, keyRu, keyEn, value) VALUES ('2d383919-7bae-4768-9f3e-66bb4b90c6d1', 'camera-014', 'Micro SD', 'Micro SD', 'Micro SD', '256 GB');
INSERT INTO product_specs (id, productId, keyKa, keyRu, keyEn, value) VALUES ('1c358f5a-5efd-45d2-a75a-e6b8244ae790', 'camera-014', 'დაცვის კლასი', 'Класс защиты', 'Protection Class', 'IP 67');
INSERT INTO product_specs (id, productId, keyKa, keyRu, keyEn, value) VALUES ('b56296af-5b3f-4f3c-b98a-3b42024cf66d', 'camera-014', 'ადამიანის და ავტომობილის სილუეტის ამოცნობა', 'Распознавание людей и авто', 'Human & Vehicle Detection', 'კი');
INSERT INTO products (id, slug, category, price, originalPrice, currency, isActive, isFeatured, images, nameKa, nameRu, nameEn, descriptionKa, descriptionRu, descriptionEn, content, relatedProducts, createdAt, updatedAt) VALUES ('camera-015', 'uniview-4-outdoor-camera-2-8', 'cameras', 109, NULL, 'GEL', 1, 0, '["Untitled-566.jpg"]', 'სამეთვალყურეო კამერა, 4mp, 2.8mm, Uniview, IPC2124SB-ADF40KMC-I0', 'Uniview 4 მპ уличная камера 2.8 მმ', 'Uniview 4 მპ outdoor Camera 2.8 მმ', NULL, NULL, NULL, 'სამეთვალყურეო კამერა, 4mp, 2.8mm, Uniview, IPC2124SB-ADF40KMC-I0. გარე გამოყენების გამოყენება. რეზოლუცია: 4 მპ. ლინზა: 2.8 მმ.', NULL, '2026-02-18 06:55:02.855', '2026-02-18 06:55:02.855');
INSERT INTO product_specs (id, productId, keyKa, keyRu, keyEn, value) VALUES ('c8c2a2fb-4cca-4350-9eb1-e27e55b7f03e', 'camera-015', 'ბრენდი', 'Бренд', 'Brand', 'Uniview');
INSERT INTO product_specs (id, productId, keyKa, keyRu, keyEn, value) VALUES ('2f7b6f10-f9c1-4d62-b46c-5d673e60bf86', 'camera-015', 'კამერის ტიპი', 'Тип камеры', 'Camera Type', 'IP');
INSERT INTO product_specs (id, productId, keyKa, keyRu, keyEn, value) VALUES ('67a877ae-37f8-4dce-8a73-24835d12860a', 'camera-015', 'კორპუსის ტიპი', 'Тип корпуса', 'Body Type', 'გარე გამოყენების');
INSERT INTO product_specs (id, productId, keyKa, keyRu, keyEn, value) VALUES ('1da5eda4-31ff-492d-aefa-6f9e4918015a', 'camera-015', 'CMOS სენსორი', 'CMOS сенсор', 'CMOS Sensor', '1/2.7" CMOS');
INSERT INTO product_specs (id, productId, keyKa, keyRu, keyEn, value) VALUES ('f77acdb3-45b8-4898-8fa7-8b834b5587e6', 'camera-015', 'ლინზა', 'Объектив', 'Lens', '2.8 მმ');
INSERT INTO product_specs (id, productId, keyKa, keyRu, keyEn, value) VALUES ('088586cd-2ba7-4d0a-93c8-40325f978df7', 'camera-015', 'ხედვის კუთხე', 'Угол обзора', 'View Angle', '101.1°');
INSERT INTO product_specs (id, productId, keyKa, keyRu, keyEn, value) VALUES ('38230730-f580-46d2-82fd-f378b013dfbd', 'camera-015', 'ღამის ხედვა', 'Ночное видение', 'Night Vision', 'ჭკვიანი');
INSERT INTO product_specs (id, productId, keyKa, keyRu, keyEn, value) VALUES ('7ee60cc2-3eb8-45cc-abff-1b64d7980122', 'camera-015', 'ღამის ხედვა (მანძილი)', 'Дальность ночного видения', 'Night Vision Range', '30 მეტრი');
INSERT INTO product_specs (id, productId, keyKa, keyRu, keyEn, value) VALUES ('0ab15cca-2831-4c32-aa6f-36a79d063b62', 'camera-015', 'რეზოლუცია', 'Разрешение', 'Resolution', '4 მპ');
INSERT INTO product_specs (id, productId, keyKa, keyRu, keyEn, value) VALUES ('8e129a89-c83e-43d8-b849-1c6b9e466d32', 'camera-015', 'მიკროფონი', 'Микрофон', 'Microphone', 'კი. (ორმხრივი აუდ. კავშირი)');
INSERT INTO product_specs (id, productId, keyKa, keyRu, keyEn, value) VALUES ('7d29df0b-4e18-493c-b0f5-da7edd63e8a5', 'camera-015', 'Micro SD', 'Micro SD', 'Micro SD', '256 GB');
INSERT INTO product_specs (id, productId, keyKa, keyRu, keyEn, value) VALUES ('ff72af2d-b9fd-49be-ab77-2db917209160', 'camera-015', 'დაცვის კლასი', 'Класс защиты', 'Protection Class', 'IP 67');
INSERT INTO product_specs (id, productId, keyKa, keyRu, keyEn, value) VALUES ('fa9d96b9-a4b4-47d3-b961-602b89a0c815', 'camera-015', 'ადამიანის და ავტომობილის სილუეტის ამოცნობა', 'Распознавание людей и авто', 'Human & Vehicle Detection', 'კი');
INSERT INTO products (id, slug, category, price, originalPrice, currency, isActive, isFeatured, images, nameKa, nameRu, nameEn, descriptionKa, descriptionRu, descriptionEn, content, relatedProducts, createdAt, updatedAt) VALUES ('camera-016', 'uniview-2-outdoor-camera-4-016', 'cameras', 89, NULL, 'GEL', 1, 0, '["Untitled-596.jpg"]', 'სამეთვალყურეო კამერა, 2mp, 4mm, Uniview, IPC2122LB-ADF40KM-G', 'Uniview 2 მპ уличная камера 4 მმ', 'Uniview 2 მპ outdoor Camera 4 მმ', NULL, NULL, NULL, 'სამეთვალყურეო კამერა, 2mp, 4mm, Uniview, IPC2122LB-ADF40KM-G. გარე გამოყენების გამოყენება. რეზოლუცია: 2 მპ. ლინზა: 4 მმ.', NULL, '2026-02-18 05:55:02.855', '2026-02-18 05:55:02.855');
INSERT INTO product_specs (id, productId, keyKa, keyRu, keyEn, value) VALUES ('d4322c0d-eff5-49db-b8c8-932dadd52124', 'camera-016', 'ბრენდი', 'Бренд', 'Brand', 'Uniview');
INSERT INTO product_specs (id, productId, keyKa, keyRu, keyEn, value) VALUES ('8a329ac8-809e-4973-b2b1-187b21610387', 'camera-016', 'კამერის ტიპი', 'Тип камеры', 'Camera Type', 'IP');
INSERT INTO product_specs (id, productId, keyKa, keyRu, keyEn, value) VALUES ('846e11bd-9462-466d-b9e0-2d3a9d24d674', 'camera-016', 'კორპუსის ტიპი', 'Тип корпуса', 'Body Type', 'გარე გამოყენების');
INSERT INTO product_specs (id, productId, keyKa, keyRu, keyEn, value) VALUES ('ee132f6e-95b3-4f82-a5b0-b1965885e93c', 'camera-016', 'CMOS სენსორი', 'CMOS сенсор', 'CMOS Sensor', '1/2.7" CMOS');
INSERT INTO product_specs (id, productId, keyKa, keyRu, keyEn, value) VALUES ('9f2a3ec7-6ad4-497d-8df0-67ba1723e93c', 'camera-016', 'ლინზა', 'Объектив', 'Lens', '4 მმ');
INSERT INTO product_specs (id, productId, keyKa, keyRu, keyEn, value) VALUES ('8b94c09b-d233-44e1-89c2-e0c75e91460d', 'camera-016', 'ხედვის კუთხე', 'Угол обзора', 'View Angle', '112.9°');
INSERT INTO product_specs (id, productId, keyKa, keyRu, keyEn, value) VALUES ('3f804523-5f60-4640-a136-967b925d5d91', 'camera-016', 'ღამის ხედვა', 'Ночное видение', 'Night Vision', 'ჭკვიანი');
INSERT INTO product_specs (id, productId, keyKa, keyRu, keyEn, value) VALUES ('7906c850-2a67-4780-809a-94784b33c5b0', 'camera-016', 'ღამის ხედვა (მანძილი)', 'Дальность ночного видения', 'Night Vision Range', '30 მეტრი');
INSERT INTO product_specs (id, productId, keyKa, keyRu, keyEn, value) VALUES ('a1262c6b-b28e-480c-878c-891636cc5512', 'camera-016', 'რეზოლუცია', 'Разрешение', 'Resolution', '2 მპ');
INSERT INTO product_specs (id, productId, keyKa, keyRu, keyEn, value) VALUES ('1d49ab3a-8fa5-48da-a6a5-2a482f49c5d5', 'camera-016', 'მიკროფონი', 'Микрофон', 'Microphone', 'კი');
INSERT INTO product_specs (id, productId, keyKa, keyRu, keyEn, value) VALUES ('c765544c-cc71-4f37-aea3-984bfddf64b8', 'camera-016', 'Micro SD', 'Micro SD', 'Micro SD', '128 GB');
INSERT INTO product_specs (id, productId, keyKa, keyRu, keyEn, value) VALUES ('6bd90587-27df-43fd-91de-cc5039206189', 'camera-016', 'დაცვის კლასი', 'Класс защиты', 'Protection Class', 'IP 67');
INSERT INTO products (id, slug, category, price, originalPrice, currency, isActive, isFeatured, images, nameKa, nameRu, nameEn, descriptionKa, descriptionRu, descriptionEn, content, relatedProducts, createdAt, updatedAt) VALUES ('camera-017', 'uniview-2-outdoor-camera-4-017', 'cameras', 79, NULL, 'GEL', 1, 0, '["Untitled-605.jpg"]', 'სამეთვალყურეო კამერა, 2mp, 4mm, Uniview, IPC2122LB-SF40-A', 'Uniview 2 მპ уличная камера 4 მმ', 'Uniview 2 მპ outdoor Camera 4 მმ', NULL, NULL, NULL, 'სამეთვალყურეო კამერა, 2mp, 4mm, Uniview, IPC2122LB-SF40-A. გარე გამოყენების გამოყენება. რეზოლუცია: 2 მპ. ლინზა: 4 მმ.', NULL, '2026-02-18 04:55:02.856', '2026-02-18 04:55:02.856');
INSERT INTO product_specs (id, productId, keyKa, keyRu, keyEn, value) VALUES ('ad76288d-d8d8-47dc-835e-729c7eb0d741', 'camera-017', 'ბრენდი', 'Бренд', 'Brand', 'Uniview');
INSERT INTO product_specs (id, productId, keyKa, keyRu, keyEn, value) VALUES ('1cc5209e-94f4-4371-9d4c-dcabb8d7bc60', 'camera-017', 'კამერის ტიპი', 'Тип камеры', 'Camera Type', 'IP');
INSERT INTO product_specs (id, productId, keyKa, keyRu, keyEn, value) VALUES ('ccc921f0-647b-42b3-9e47-11e0d89c0730', 'camera-017', 'კორპუსის ტიპი', 'Тип корпуса', 'Body Type', 'გარე გამოყენების');
INSERT INTO product_specs (id, productId, keyKa, keyRu, keyEn, value) VALUES ('2100979d-2c9f-44cd-973b-561884db342d', 'camera-017', 'CMOS სენსორი', 'CMOS сенсор', 'CMOS Sensor', '1/2.8" CMOS');
INSERT INTO product_specs (id, productId, keyKa, keyRu, keyEn, value) VALUES ('4c5f0336-c805-49ab-918e-3b89c86796cd', 'camera-017', 'ლინზა', 'Объектив', 'Lens', '4 მმ');
INSERT INTO product_specs (id, productId, keyKa, keyRu, keyEn, value) VALUES ('aa901d6e-d786-40b6-8f91-a9d1bcbd158c', 'camera-017', 'ხედვის კუთხე', 'Угол обзора', 'View Angle', '106.7°');
INSERT INTO product_specs (id, productId, keyKa, keyRu, keyEn, value) VALUES ('141cf75f-3e8d-42ad-9ae4-174698ddbddb', 'camera-017', 'ღამის ხედვა', 'Ночное видение', 'Night Vision', 'ჭკვიანი');
INSERT INTO product_specs (id, productId, keyKa, keyRu, keyEn, value) VALUES ('4c1728b6-252b-4c12-83e2-13b8298cf793', 'camera-017', 'ღამის ხედვა (მანძილი)', 'Дальность ночного видения', 'Night Vision Range', '30 მეტრი');
INSERT INTO product_specs (id, productId, keyKa, keyRu, keyEn, value) VALUES ('666cf86d-a3bf-4ea4-95fd-fd076c8d2157', 'camera-017', 'რეზოლუცია', 'Разрешение', 'Resolution', '2 მპ');
INSERT INTO product_specs (id, productId, keyKa, keyRu, keyEn, value) VALUES ('c20d0382-1573-4759-8001-edbae732662b', 'camera-017', 'დაცვის კლასი', 'Класс защиты', 'Protection Class', 'IP 67');
INSERT INTO products (id, slug, category, price, originalPrice, currency, isActive, isFeatured, images, nameKa, nameRu, nameEn, descriptionKa, descriptionRu, descriptionEn, content, relatedProducts, createdAt, updatedAt) VALUES ('camera-018', 'uniview-4-indoor-camera-2-8', 'cameras', 109, NULL, 'GEL', 1, 0, '["1_3jmy-mq.png"]', 'სამეთვალყურეო კამერა, 4mp, 2.8mm, Uniview, IPC314SB-ADF28K-I0', 'Uniview 4 მპ внутренняя камера 2.8 მმ', 'Uniview 4 მპ indoor Camera 2.8 მმ', NULL, NULL, NULL, 'სამეთვალყურეო კამერა, 4mp, 2.8mm, Uniview, IPC314SB-ADF28K-I0. შიდა გამოყენების გამოყენება. რეზოლუცია: 4 მპ. ლინზა: 2.8 მმ.', NULL, '2026-02-18 03:55:02.856', '2026-02-18 03:55:02.856');
INSERT INTO product_specs (id, productId, keyKa, keyRu, keyEn, value) VALUES ('7d78f1be-a20a-4981-b38d-da2a2f0dda32', 'camera-018', 'ბრენდი', 'Бренд', 'Brand', 'Uniview');
INSERT INTO product_specs (id, productId, keyKa, keyRu, keyEn, value) VALUES ('a5d4014a-f843-4f6e-b8c0-796214a4aad1', 'camera-018', 'კამერის ტიპი', 'Тип камеры', 'Camera Type', 'IP');
INSERT INTO product_specs (id, productId, keyKa, keyRu, keyEn, value) VALUES ('1e540650-1b6d-49a4-a30a-1c8d642891b5', 'camera-018', 'კორპუსის ტიპი', 'Тип корпуса', 'Body Type', 'შიდა გამოყენების');
INSERT INTO product_specs (id, productId, keyKa, keyRu, keyEn, value) VALUES ('38abc29f-19d9-4622-b5cc-ea595319c13f', 'camera-018', 'CMOS სენსორი', 'CMOS сенсор', 'CMOS Sensor', '1/3" CMOS');
INSERT INTO product_specs (id, productId, keyKa, keyRu, keyEn, value) VALUES ('225219ee-ed64-49f0-b92d-b59ec47f453a', 'camera-018', 'ლინზა', 'Объектив', 'Lens', '2.8 მმ');
INSERT INTO product_specs (id, productId, keyKa, keyRu, keyEn, value) VALUES ('2632b582-4b5c-45ec-bca6-b430a2615f1d', 'camera-018', 'ხედვის კუთხე', 'Угол обзора', 'View Angle', '101.1°');
INSERT INTO product_specs (id, productId, keyKa, keyRu, keyEn, value) VALUES ('1523ee7f-f06b-4f4f-9b8f-fcd129a212f8', 'camera-018', 'ღამის ხედვა', 'Ночное видение', 'Night Vision', 'ჭკვიანი');
INSERT INTO product_specs (id, productId, keyKa, keyRu, keyEn, value) VALUES ('7e73ed41-fa1a-4898-83c0-66e2c122fe32', 'camera-018', 'ღამის ხედვა (მანძილი)', 'Дальность ночного видения', 'Night Vision Range', '30 მეტრი');
INSERT INTO product_specs (id, productId, keyKa, keyRu, keyEn, value) VALUES ('926ee2d2-2468-4fd4-bc55-c59fe4b3f5c6', 'camera-018', 'რეზოლუცია', 'Разрешение', 'Resolution', '4 მპ');
INSERT INTO product_specs (id, productId, keyKa, keyRu, keyEn, value) VALUES ('5db2eda3-381d-4479-8a8c-702d872e94b4', 'camera-018', 'მიკროფონი', 'Микрофон', 'Microphone', 'კი');
INSERT INTO product_specs (id, productId, keyKa, keyRu, keyEn, value) VALUES ('3d84e3cb-38d1-4d13-91f4-4c02c5539978', 'camera-018', 'Micro SD', 'Micro SD', 'Micro SD', '256 GB');
INSERT INTO product_specs (id, productId, keyKa, keyRu, keyEn, value) VALUES ('7f53f2fc-debf-4eee-a033-d813c447fdf0', 'camera-018', 'დაცვის კლასი', 'Класс защиты', 'Protection Class', 'IP 67');
INSERT INTO product_specs (id, productId, keyKa, keyRu, keyEn, value) VALUES ('3c35ab7b-1282-4cce-88bc-9295880b40dd', 'camera-018', 'ადამიანის და ავტომობილის სილუეტის ამოცნობა', 'Распознавание людей и авто', 'Human & Vehicle Detection', 'კი');
INSERT INTO products (id, slug, category, price, originalPrice, currency, isActive, isFeatured, images, nameKa, nameRu, nameEn, descriptionKa, descriptionRu, descriptionEn, content, relatedProducts, createdAt, updatedAt) VALUES ('camera-019', 'uniview-2-outdoor-camera-4-019', 'cameras', 79, NULL, 'GEL', 1, 0, '["Untitled-585.jpg"]', 'სამეთვალყურეო კამერა, 2mp, 4mm, Uniview, IPC2122SR3-PF40-C', 'Uniview 2 მპ уличная камера 4 მმ', 'Uniview 2 მპ outdoor Camera 4 მმ', NULL, NULL, NULL, 'სამეთვალყურეო კამერა, 2mp, 4mm, Uniview, IPC2122SR3-PF40-C. გარე გამოყენების გამოყენება. რეზოლუცია: 2 მპ. ლინზა: 4 მმ.', NULL, '2026-02-18 02:55:02.857', '2026-02-18 02:55:02.857');
INSERT INTO product_specs (id, productId, keyKa, keyRu, keyEn, value) VALUES ('b1340d53-0e5a-4ab1-93f6-63586d430b51', 'camera-019', 'ბრენდი', 'Бренд', 'Brand', 'Uniview');
INSERT INTO product_specs (id, productId, keyKa, keyRu, keyEn, value) VALUES ('b660a037-a73d-437f-b003-30e48c392e16', 'camera-019', 'კამერის ტიპი', 'Тип камеры', 'Camera Type', 'IP');
INSERT INTO product_specs (id, productId, keyKa, keyRu, keyEn, value) VALUES ('71441bea-1aa4-4732-af6a-a8f78cc5c32a', 'camera-019', 'კორპუსის ტიპი', 'Тип корпуса', 'Body Type', 'გარე გამოყენების');
INSERT INTO product_specs (id, productId, keyKa, keyRu, keyEn, value) VALUES ('551fcce6-381a-43d7-927d-57769348db7d', 'camera-019', 'CMOS სენსორი', 'CMOS сенсор', 'CMOS Sensor', '1/2.7" CMOS');
INSERT INTO product_specs (id, productId, keyKa, keyRu, keyEn, value) VALUES ('8b12b2ce-7915-4301-beb9-4e4a4ab56ed1', 'camera-019', 'ლინზა', 'Объектив', 'Lens', '4 მმ');
INSERT INTO product_specs (id, productId, keyKa, keyRu, keyEn, value) VALUES ('c3d3e3ed-4b2d-43d8-831d-f4ffa5c1656f', 'camera-019', 'ხედვის კუთხე', 'Угол обзора', 'View Angle', '86.5°');
INSERT INTO product_specs (id, productId, keyKa, keyRu, keyEn, value) VALUES ('766ee907-a117-4c97-bbe2-ef07ce0a1619', 'camera-019', 'ღამის ხედვა', 'Ночное видение', 'Night Vision', 'ჭკვიანი');
INSERT INTO product_specs (id, productId, keyKa, keyRu, keyEn, value) VALUES ('bf79cf7e-c277-4e66-97c9-14a02c647dc7', 'camera-019', 'ღამის ხედვა (მანძილი)', 'Дальность ночного видения', 'Night Vision Range', '30 მეტრი');
INSERT INTO product_specs (id, productId, keyKa, keyRu, keyEn, value) VALUES ('c8353b42-f3d4-4424-ab9b-bb08ed52e1fe', 'camera-019', 'რეზოლუცია', 'Разрешение', 'Resolution', '2 მპ');
INSERT INTO product_specs (id, productId, keyKa, keyRu, keyEn, value) VALUES ('cd72ffa8-a274-4bba-b7dd-39d1d8f4937e', 'camera-019', 'დაცვის კლასი', 'Класс защиты', 'Protection Class', 'IP 67');
INSERT INTO products (id, slug, category, price, originalPrice, currency, isActive, isFeatured, images, nameKa, nameRu, nameEn, descriptionKa, descriptionRu, descriptionEn, content, relatedProducts, createdAt, updatedAt) VALUES ('camera-020', 'tenda-3-indoor-camera-4', 'cameras', 79, NULL, 'GEL', 1, 0, '["Untitled-564_wiar-em.png"]', 'Tenda cp3 pro - 3MP Home Smart Wi-Fi Camera With 360° Rotation', 'Tenda 3 მპ внутренняя камера 4 მმ', 'Tenda 3 მპ indoor Camera 4 მმ', NULL, NULL, NULL, 'Tenda cp3 pro - 3MP Home Smart Wi-Fi Camera With 360° Rotation. შიდა გამოყენების გამოყენება. რეზოლუცია: 3 მპ. ლინზა: 4 მმ.', NULL, '2026-02-18 01:55:02.857', '2026-02-18 01:55:02.857');
INSERT INTO product_specs (id, productId, keyKa, keyRu, keyEn, value) VALUES ('a566efd7-82cb-44fb-a6e6-537cbd4782d5', 'camera-020', 'PTZ / PT', 'PTZ / PT', 'PTZ / PT', 'PT');
INSERT INTO product_specs (id, productId, keyKa, keyRu, keyEn, value) VALUES ('c7364f6b-4052-4ec5-9d8d-8b8dcf2832b4', 'camera-020', 'ბრენდი', 'Бренд', 'Brand', 'Tenda');
INSERT INTO product_specs (id, productId, keyKa, keyRu, keyEn, value) VALUES ('3289b748-f01a-44bd-a6d4-cf53f66a4650', 'camera-020', 'კორპუსის ტიპი', 'Тип корпуса', 'Body Type', 'შიდა გამოყენების');
INSERT INTO product_specs (id, productId, keyKa, keyRu, keyEn, value) VALUES ('366d9567-5c29-4be0-9c37-2e2fbbabc3de', 'camera-020', 'ლინზა', 'Объектив', 'Lens', '4 მმ');
INSERT INTO product_specs (id, productId, keyKa, keyRu, keyEn, value) VALUES ('0adbec1a-3581-4fb8-b73c-bbd6c8707ef1', 'camera-020', 'ხედვის კუთხე', 'Угол обзора', 'View Angle', '80°');
INSERT INTO product_specs (id, productId, keyKa, keyRu, keyEn, value) VALUES ('441822f8-d325-4e6f-a307-035fe155ed2e', 'camera-020', 'რეზოლუცია', 'Разрешение', 'Resolution', '3 მპ');
INSERT INTO product_specs (id, productId, keyKa, keyRu, keyEn, value) VALUES ('f8a78139-e8e2-41d4-af5b-7b191b515b76', 'camera-020', 'მიკროფონი', 'Микрофон', 'Microphone', 'კი. (ორმხრივი აუდ. კავშირი)');
INSERT INTO product_specs (id, productId, keyKa, keyRu, keyEn, value) VALUES ('42801397-8c70-4724-863e-1dcf62721741', 'camera-020', 'Micro SD', 'Micro SD', 'Micro SD', '256 GB');
INSERT INTO product_specs (id, productId, keyKa, keyRu, keyEn, value) VALUES ('dfb5bfa0-4bdb-44b2-9813-f1a890028114', 'camera-020', 'Wi-Fi', 'Wi-Fi', 'Wi-Fi', 'კი');
INSERT INTO product_specs (id, productId, keyKa, keyRu, keyEn, value) VALUES ('841a911c-8089-4f66-b053-ba5968e0dcee', 'camera-020', 'ადამიანის და ავტომობილის სილუეტის ამოცნობა', 'Распознавание людей и авто', 'Human & Vehicle Detection', 'კი');
INSERT INTO products (id, slug, category, price, originalPrice, currency, isActive, isFeatured, images, nameKa, nameRu, nameEn, descriptionKa, descriptionRu, descriptionEn, content, relatedProducts, createdAt, updatedAt) VALUES ('camera-021', 'uniview-2-outdoor-camera-2-8', 'cameras', 89, NULL, 'GEL', 1, 0, '["1_h1yc-8t.png"]', 'სამეთვალყურეო კამერა, 2mp, 2.8mm, Uniview, Uho-B1R-M2F4', 'Uniview 2 მპ уличная камера 2.8 მმ', 'Uniview 2 მპ outdoor Camera 2.8 მმ', NULL, NULL, NULL, 'სამეთვალყურეო კამერა, 2mp, 2.8mm, Uniview, Uho-B1R-M2F4. გარე გამოყენების გამოყენება. რეზოლუცია: 2 მპ. ლინზა: 2.8 მმ.', NULL, '2026-02-18 00:55:02.858', '2026-02-18 00:55:02.858');
INSERT INTO product_specs (id, productId, keyKa, keyRu, keyEn, value) VALUES ('77c2df9e-c1c7-4a7d-9818-a47089a277bc', 'camera-021', 'ბრენდი', 'Бренд', 'Brand', 'Uniview');
INSERT INTO product_specs (id, productId, keyKa, keyRu, keyEn, value) VALUES ('ac03a581-6384-408a-98d0-1fb1ef006758', 'camera-021', 'კორპუსის ტიპი', 'Тип корпуса', 'Body Type', 'გარე გამოყენების');
INSERT INTO product_specs (id, productId, keyKa, keyRu, keyEn, value) VALUES ('bf09cc66-ee28-4de7-af2c-077b045287e5', 'camera-021', 'CMOS სენსორი', 'CMOS сенсор', 'CMOS Sensor', '1/2.9" CMOS');
INSERT INTO product_specs (id, productId, keyKa, keyRu, keyEn, value) VALUES ('5fee7788-0435-42b7-a3f1-cab02e06afd5', 'camera-021', 'ლინზა', 'Объектив', 'Lens', '2.8 მმ');
INSERT INTO product_specs (id, productId, keyKa, keyRu, keyEn, value) VALUES ('d2da0fdd-c96d-4f1b-93a6-4afc2912453c', 'camera-021', 'ხედვის კუთხე', 'Угол обзора', 'View Angle', '101.1°');
INSERT INTO product_specs (id, productId, keyKa, keyRu, keyEn, value) VALUES ('416f0aa6-fb7c-4a5e-bab4-ef275845b895', 'camera-021', 'ღამის ხედვა', 'Ночное видение', 'Night Vision', 'ჭკვიანი');
INSERT INTO product_specs (id, productId, keyKa, keyRu, keyEn, value) VALUES ('b1d98c3b-529c-4c61-a05b-4a15563a4514', 'camera-021', 'ღამის ხედვა (მანძილი)', 'Дальность ночного видения', 'Night Vision Range', '30 მეტრი');
INSERT INTO product_specs (id, productId, keyKa, keyRu, keyEn, value) VALUES ('837495f2-e011-4af8-9bf3-ecc5fa12f431', 'camera-021', 'რეზოლუცია', 'Разрешение', 'Resolution', '2 მპ');
INSERT INTO product_specs (id, productId, keyKa, keyRu, keyEn, value) VALUES ('d2be59fe-d086-49ae-9d83-0d4456a1e00e', 'camera-021', 'მიკროფონი', 'Микрофон', 'Microphone', 'კი');
INSERT INTO product_specs (id, productId, keyKa, keyRu, keyEn, value) VALUES ('5b83453c-c4f3-4c8e-ab15-dd8fdcdefff7', 'camera-021', 'Micro SD', 'Micro SD', 'Micro SD', '128 GB');
INSERT INTO product_specs (id, productId, keyKa, keyRu, keyEn, value) VALUES ('c234a66f-b450-446b-b082-961a7d7b2926', 'camera-021', 'დაცვის კლასი', 'Класс защиты', 'Protection Class', 'IP 67');
INSERT INTO product_specs (id, productId, keyKa, keyRu, keyEn, value) VALUES ('45acc3c0-bc2f-4840-8dc7-e7cf9cbe0b8e', 'camera-021', 'ადამიანის და ავტომობილის სილუეტის ამოცნობა', 'Распознавание людей и авто', 'Human & Vehicle Detection', 'კი');
INSERT INTO products (id, slug, category, price, originalPrice, currency, isActive, isFeatured, images, nameKa, nameRu, nameEn, descriptionKa, descriptionRu, descriptionEn, content, relatedProducts, createdAt, updatedAt) VALUES ('camera-022', 'uniview-4-outdoor-camera-2-8-022', 'cameras', 119, NULL, 'GEL', 1, 0, '["Untitled-578.jpg"]', 'სამეთვალყურეო კამერა, 4mp, 2.8mm, Uniview, IPC2124SR3-ADPF40M-F', 'Uniview 4 მპ уличная камера 2.8 მმ', 'Uniview 4 მპ outdoor Camera 2.8 მმ', NULL, NULL, NULL, 'სამეთვალყურეო კამერა, 4mp, 2.8mm, Uniview, IPC2124SR3-ADPF40M-F. გარე გამოყენების გამოყენება. რეზოლუცია: 4 მპ. ლინზა: 2.8 მმ.', NULL, '2026-02-17 23:55:02.859', '2026-02-17 23:55:02.859');
INSERT INTO product_specs (id, productId, keyKa, keyRu, keyEn, value) VALUES ('c8fdfddf-4c03-49d4-926a-8372d7112ebc', 'camera-022', 'ბრენდი', 'Бренд', 'Brand', 'Uniview');
INSERT INTO product_specs (id, productId, keyKa, keyRu, keyEn, value) VALUES ('0eacdcd7-e380-4607-9197-b2fbca4b87f5', 'camera-022', 'კამერის ტიპი', 'Тип камеры', 'Camera Type', 'IP');
INSERT INTO product_specs (id, productId, keyKa, keyRu, keyEn, value) VALUES ('1a84ed0c-9df2-4bfc-aef1-9f67f4202153', 'camera-022', 'კორპუსის ტიპი', 'Тип корпуса', 'Body Type', 'გარე გამოყენების');
INSERT INTO product_specs (id, productId, keyKa, keyRu, keyEn, value) VALUES ('c159db14-169b-4dbb-8f93-6638d037baa4', 'camera-022', 'CMOS სენსორი', 'CMOS сенсор', 'CMOS Sensor', '1/3" CMOS');
INSERT INTO product_specs (id, productId, keyKa, keyRu, keyEn, value) VALUES ('e528d2bb-43a2-4ca3-92cd-068905450afb', 'camera-022', 'ლინზა', 'Объектив', 'Lens', '2.8 მმ');
INSERT INTO product_specs (id, productId, keyKa, keyRu, keyEn, value) VALUES ('9f1d7932-f24c-47fb-89e7-1dc498cb380c', 'camera-022', 'ხედვის კუთხე', 'Угол обзора', 'View Angle', '107.8°');
INSERT INTO product_specs (id, productId, keyKa, keyRu, keyEn, value) VALUES ('73b7946f-7bdf-42cb-8037-7c5f1c02fc75', 'camera-022', 'ღამის ხედვა', 'Ночное видение', 'Night Vision', 'ჭკვიანი');
INSERT INTO product_specs (id, productId, keyKa, keyRu, keyEn, value) VALUES ('993dd73b-88fb-4bce-96ee-d3a80cbece55', 'camera-022', 'ღამის ხედვა (მანძილი)', 'Дальность ночного видения', 'Night Vision Range', '30 მეტრი');
INSERT INTO product_specs (id, productId, keyKa, keyRu, keyEn, value) VALUES ('e05f599a-9bf4-4b79-a6d5-0b8ac5a00f7b', 'camera-022', 'რეზოლუცია', 'Разрешение', 'Resolution', '4 მპ');
INSERT INTO product_specs (id, productId, keyKa, keyRu, keyEn, value) VALUES ('fae53983-82c0-4199-98dd-246bba3dad5f', 'camera-022', 'მიკროფონი', 'Микрофон', 'Microphone', 'კი');
INSERT INTO product_specs (id, productId, keyKa, keyRu, keyEn, value) VALUES ('5394f437-f21a-424f-97e1-de65c309b969', 'camera-022', 'Micro SD', 'Micro SD', 'Micro SD', '256 GB');
INSERT INTO product_specs (id, productId, keyKa, keyRu, keyEn, value) VALUES ('10fc5cdd-b989-42c7-8353-87c48d2fa1d2', 'camera-022', 'დაცვის კლასი', 'Класс защиты', 'Protection Class', 'IP 67');
INSERT INTO products (id, slug, category, price, originalPrice, currency, isActive, isFeatured, images, nameKa, nameRu, nameEn, descriptionKa, descriptionRu, descriptionEn, content, relatedProducts, createdAt, updatedAt) VALUES ('camera-023', 'ezviz-3-outdoor-camera-4', 'cameras', 89, NULL, 'GEL', 1, 0, '["1_7wh8-07.png"]', 'სამეთვალყურეო კამერა, 4G, 4mm, Ezviz, CS-EB8/SP-R100', 'Ezviz 3 მპ уличная камера 4 მმ', 'Ezviz 3 მპ outdoor Camera 4 მმ', NULL, NULL, NULL, 'სამეთვალყურეო კამერა, 4G, 4mm, Ezviz, CS-EB8/SP-R100. გარე გამოყენების გამოყენება. რეზოლუცია: 3 მპ. ლინზა: 4 მმ.', NULL, '2026-02-17 22:55:02.859', '2026-02-17 22:55:02.859');
INSERT INTO product_specs (id, productId, keyKa, keyRu, keyEn, value) VALUES ('10f39c65-32b2-4c61-af07-a3d09c4d169d', 'camera-023', 'PTZ / PT', 'PTZ / PT', 'PTZ / PT', 'PT');
INSERT INTO product_specs (id, productId, keyKa, keyRu, keyEn, value) VALUES ('845db73b-e1ab-4adc-8cd7-5806e7b734a0', 'camera-023', 'ბრენდი', 'Бренд', 'Brand', 'Ezviz');
INSERT INTO product_specs (id, productId, keyKa, keyRu, keyEn, value) VALUES ('4f2483b6-5296-4d73-876c-bd02e687ef8c', 'camera-023', 'კორპუსის ტიპი', 'Тип корпуса', 'Body Type', 'გარე გამოყენების');
INSERT INTO product_specs (id, productId, keyKa, keyRu, keyEn, value) VALUES ('e873eed0-8008-4a3e-ac77-b7b1b3d31df9', 'camera-023', 'CMOS სენსორი', 'CMOS сенсор', 'CMOS Sensor', '1/2.8" CMOS');
INSERT INTO product_specs (id, productId, keyKa, keyRu, keyEn, value) VALUES ('030d7d50-5246-4dc6-a683-69d4574b96ba', 'camera-023', 'ლინზა', 'Объектив', 'Lens', '4 მმ');
INSERT INTO product_specs (id, productId, keyKa, keyRu, keyEn, value) VALUES ('c4dc78e1-93db-463d-916e-17d7b92ff5cf', 'camera-023', 'ხედვის კუთხე', 'Угол обзора', 'View Angle', '83°');
INSERT INTO product_specs (id, productId, keyKa, keyRu, keyEn, value) VALUES ('ab1ec4a6-0eca-4608-8903-5bdcb5f9458d', 'camera-023', 'ღამის ხედვა', 'Ночное видение', 'Night Vision', 'ფერადი');
INSERT INTO product_specs (id, productId, keyKa, keyRu, keyEn, value) VALUES ('30a75dce-b9ba-4af1-9ebc-324bdbcad7c7', 'camera-023', 'ღამის ხედვა (მანძილი)', 'Дальность ночного видения', 'Night Vision Range', '15 მეტრი');
INSERT INTO product_specs (id, productId, keyKa, keyRu, keyEn, value) VALUES ('fe0afd89-211f-4600-bb29-108f429b31c9', 'camera-023', 'რეზოლუცია', 'Разрешение', 'Resolution', '3 მპ');
INSERT INTO product_specs (id, productId, keyKa, keyRu, keyEn, value) VALUES ('04013117-f51e-438a-9993-d578950f6ac4', 'camera-023', 'მიკროფონი', 'Микрофон', 'Microphone', 'კი. (ორმხრივი აუდ. კავშირი)');
INSERT INTO product_specs (id, productId, keyKa, keyRu, keyEn, value) VALUES ('784f95cc-2900-4a08-b471-0474dccd2663', 'camera-023', 'Micro SD', 'Micro SD', 'Micro SD', '512 GB');
INSERT INTO product_specs (id, productId, keyKa, keyRu, keyEn, value) VALUES ('2ca9a2e0-0ab4-408f-856f-cd9880cacb81', 'camera-023', 'დაცვის კლასი', 'Класс защиты', 'Protection Class', 'IP 65');
INSERT INTO product_specs (id, productId, keyKa, keyRu, keyEn, value) VALUES ('f4bf0b09-3ce1-46ed-859c-bd9c612d00d0', 'camera-023', 'ადამიანის და ავტომობილის სილუეტის ამოცნობა', 'Распознавание людей и авто', 'Human & Vehicle Detection', 'კი');
INSERT INTO products (id, slug, category, price, originalPrice, currency, isActive, isFeatured, images, nameKa, nameRu, nameEn, descriptionKa, descriptionRu, descriptionEn, content, relatedProducts, createdAt, updatedAt) VALUES ('camera-024', 'uniview-5-outdoor-camera-2-8-12', 'cameras', 139, NULL, 'GEL', 1, 0, '["Untitled-574.jpg"]', 'სამეთვალყურეო კამერა, 5mp, 2.8 - 12mm, Uniview, IPC2325LB-ADZK-H', 'Uniview 5 მპ уличная камера 2.8 - 12 მმ', 'Uniview 5 მპ outdoor Camera 2.8 - 12 მმ', NULL, NULL, NULL, 'სამეთვალყურეო კამერა, 5mp, 2.8 - 12mm, Uniview, IPC2325LB-ADZK-H. გარე გამოყენების გამოყენება. რეზოლუცია: 5 მპ. ლინზა: 2.8 - 12 მმ.', NULL, '2026-02-17 21:55:02.860', '2026-02-17 21:55:02.860');
INSERT INTO product_specs (id, productId, keyKa, keyRu, keyEn, value) VALUES ('7195a12e-bc49-4e0d-96cf-0555feff2663', 'camera-024', 'ბრენდი', 'Бренд', 'Brand', 'Uniview');
INSERT INTO product_specs (id, productId, keyKa, keyRu, keyEn, value) VALUES ('fb76eeb0-996b-4f09-8a22-6d9e3f186565', 'camera-024', 'კამერის ტიპი', 'Тип камеры', 'Camera Type', 'IP');
INSERT INTO product_specs (id, productId, keyKa, keyRu, keyEn, value) VALUES ('01e56f41-206f-4364-bb2f-9ff8b1712a11', 'camera-024', 'კორპუსის ტიპი', 'Тип корпуса', 'Body Type', 'გარე გამოყენების');
INSERT INTO product_specs (id, productId, keyKa, keyRu, keyEn, value) VALUES ('acbb2095-2c2a-48cc-b4f0-2f0e00c48664', 'camera-024', 'CMOS სენსორი', 'CMOS сенсор', 'CMOS Sensor', '1/2.7" CMOS');
INSERT INTO product_specs (id, productId, keyKa, keyRu, keyEn, value) VALUES ('751ca60e-8a2a-4b6a-acde-5758e328978c', 'camera-024', 'ლინზა', 'Объектив', 'Lens', '2.8 - 12 მმ');
INSERT INTO product_specs (id, productId, keyKa, keyRu, keyEn, value) VALUES ('a460f8a7-26c7-44d7-9a40-7a94ae369fd3', 'camera-024', 'ხედვის კუთხე', 'Угол обзора', 'View Angle', '96.4° to 32.7°');
INSERT INTO product_specs (id, productId, keyKa, keyRu, keyEn, value) VALUES ('11b3fe50-42d3-4e68-be82-8154661e1e44', 'camera-024', 'ღამის ხედვა', 'Ночное видение', 'Night Vision', 'ჭკვიანი');
INSERT INTO product_specs (id, productId, keyKa, keyRu, keyEn, value) VALUES ('779d05ae-5c29-498d-95d2-f03612c55882', 'camera-024', 'ღამის ხედვა (მანძილი)', 'Дальность ночного видения', 'Night Vision Range', '50 მეტრი');
INSERT INTO product_specs (id, productId, keyKa, keyRu, keyEn, value) VALUES ('5d7a3e63-9524-4b63-b484-08f1162082c6', 'camera-024', 'რეზოლუცია', 'Разрешение', 'Resolution', '5 მპ');
INSERT INTO product_specs (id, productId, keyKa, keyRu, keyEn, value) VALUES ('75e0360b-a3dc-46d4-ba39-c42dec9f04c0', 'camera-024', 'მიკროფონი', 'Микрофон', 'Microphone', 'კი');
INSERT INTO product_specs (id, productId, keyKa, keyRu, keyEn, value) VALUES ('1d011b64-1d14-4f99-9315-647083de3209', 'camera-024', 'Micro SD', 'Micro SD', 'Micro SD', '256 GB');
INSERT INTO product_specs (id, productId, keyKa, keyRu, keyEn, value) VALUES ('f4006aec-cf71-4ccb-b1b4-412449fb90f0', 'camera-024', 'დაცვის კლასი', 'Класс защиты', 'Protection Class', 'IP 67');
INSERT INTO product_specs (id, productId, keyKa, keyRu, keyEn, value) VALUES ('3c8672e0-43e1-41ae-9209-395d094f1e43', 'camera-024', 'ადამიანის და ავტომობილის სილუეტის ამოცნობა', 'Распознавание людей и авто', 'Human & Vehicle Detection', 'კი');
INSERT INTO products (id, slug, category, price, originalPrice, currency, isActive, isFeatured, images, nameKa, nameRu, nameEn, descriptionKa, descriptionRu, descriptionEn, content, relatedProducts, createdAt, updatedAt) VALUES ('camera-025', 'hikvision-2-outdoor-camera-2-8', 'cameras', 99, NULL, 'GEL', 1, 0, '["Untitled-117.jpg"]', 'სამეთვალყურეო კამერა, 2.8mm, 2mp, IP, Hikvision, DS-2CD2121G0-IS', 'Hikvision 2 მპ уличная камера 2.8 მმ', 'Hikvision 2 მპ outdoor Camera 2.8 მმ', NULL, NULL, NULL, 'სამეთვალყურეო კამერა, 2.8mm, 2mp, IP, Hikvision, DS-2CD2121G0-IS. გარე გამოყენების გამოყენება. რეზოლუცია: 2 მპ. ლინზა: 2.8 მმ.', NULL, '2026-02-17 20:55:02.860', '2026-02-17 20:55:02.860');
INSERT INTO product_specs (id, productId, keyKa, keyRu, keyEn, value) VALUES ('1309d3dd-d260-4b30-a4ca-8ca0ba1d3fe3', 'camera-025', 'ბრენდი', 'Бренд', 'Brand', 'Hikvision');
INSERT INTO product_specs (id, productId, keyKa, keyRu, keyEn, value) VALUES ('9f136e63-6cb8-4ce0-a40a-2ddcb3b228da', 'camera-025', 'კამერის ტიპი', 'Тип камеры', 'Camera Type', 'IP');
INSERT INTO product_specs (id, productId, keyKa, keyRu, keyEn, value) VALUES ('06674e6a-997f-48f9-9fbe-b1d3518fa63e', 'camera-025', 'კორპუსის ტიპი', 'Тип корпуса', 'Body Type', 'გარე გამოყენების');
INSERT INTO product_specs (id, productId, keyKa, keyRu, keyEn, value) VALUES ('1caae7a4-fa31-4969-9364-fea129d4fe27', 'camera-025', 'ლინზა', 'Объектив', 'Lens', '2.8 მმ');
INSERT INTO product_specs (id, productId, keyKa, keyRu, keyEn, value) VALUES ('ad9bdb29-1018-49f0-aa6e-a0b8291a3f74', 'camera-025', 'ხედვის კუთხე', 'Угол обзора', 'View Angle', '108°');
INSERT INTO product_specs (id, productId, keyKa, keyRu, keyEn, value) VALUES ('d977b4d2-272b-4d13-b956-d92a683416f3', 'camera-025', 'ღამის ხედვა', 'Ночное видение', 'Night Vision', 'ჭკვიანი');
INSERT INTO product_specs (id, productId, keyKa, keyRu, keyEn, value) VALUES ('20359f47-5f39-4a55-ac7e-dede0e1bed05', 'camera-025', 'ღამის ხედვა (მანძილი)', 'Дальность ночного видения', 'Night Vision Range', '30 მეტრი');
INSERT INTO product_specs (id, productId, keyKa, keyRu, keyEn, value) VALUES ('d46b0ea0-1adf-40af-bbf5-bb969f94cc56', 'camera-025', 'რეზოლუცია', 'Разрешение', 'Resolution', '2 მპ');
INSERT INTO product_specs (id, productId, keyKa, keyRu, keyEn, value) VALUES ('5b777616-59d9-48be-88eb-487f8c241094', 'camera-025', 'Micro SD', 'Micro SD', 'Micro SD', '128 GB');
INSERT INTO product_specs (id, productId, keyKa, keyRu, keyEn, value) VALUES ('71a55cdd-ec7b-47d6-93da-ca473c0e1a7b', 'camera-025', 'დაცვის კლასი', 'Класс защиты', 'Protection Class', 'IP 67');
INSERT INTO product_specs (id, productId, keyKa, keyRu, keyEn, value) VALUES ('968f9cb8-c644-4538-8e86-25b018cfd3f4', 'camera-025', 'ადამიანის და ავტომობილის სილუეტის ამოცნობა', 'Распознавание людей и авто', 'Human & Vehicle Detection', 'კი');
INSERT INTO products (id, slug, category, price, originalPrice, currency, isActive, isFeatured, images, nameKa, nameRu, nameEn, descriptionKa, descriptionRu, descriptionEn, content, relatedProducts, createdAt, updatedAt) VALUES ('camera-026', 'hikvision-4-outdoor-camera-2-8', 'cameras', 139, NULL, 'GEL', 1, 0, '["Untitled-141_s0z2-rn.jpg"]', 'სამეთვალყურეო კამერა IP, 4 MP AcuSense Smart Hybrid Light, Hikvision, DS-2CD2347G2-LU', 'Hikvision 4 მპ уличная камера 2.8 მმ', 'Hikvision 4 მპ outdoor Camera 2.8 მმ', NULL, NULL, NULL, 'სამეთვალყურეო კამერა IP, 4 MP AcuSense Smart Hybrid Light, Hikvision, DS-2CD2347G2-LU. გარე გამოყენების გამოყენება. რეზოლუცია: 4 მპ. ლინზა: 2.8 მმ.', NULL, '2026-02-17 19:55:02.861', '2026-02-17 19:55:02.861');
INSERT INTO product_specs (id, productId, keyKa, keyRu, keyEn, value) VALUES ('73c5b3db-1e7a-4639-9fdc-5609b739aa5b', 'camera-026', '101 დადგენილება', 'Регламент 101', '101 Regulation', 'კი');
INSERT INTO product_specs (id, productId, keyKa, keyRu, keyEn, value) VALUES ('3c775a2b-203a-4177-ab1c-71aaedf329ab', 'camera-026', 'ბრენდი', 'Бренд', 'Brand', 'Hikvision');
INSERT INTO product_specs (id, productId, keyKa, keyRu, keyEn, value) VALUES ('cd817a67-2c78-4da7-9b5d-333a6052f945', 'camera-026', 'კამერის ტიპი', 'Тип камеры', 'Camera Type', 'IP');
INSERT INTO product_specs (id, productId, keyKa, keyRu, keyEn, value) VALUES ('4f3f31f0-1ce8-405d-bba9-99c24ca49f1a', 'camera-026', 'კორპუსის ტიპი', 'Тип корпуса', 'Body Type', 'გარე გამოყენების');
INSERT INTO product_specs (id, productId, keyKa, keyRu, keyEn, value) VALUES ('664d8f8a-7573-49ca-bed3-ce7e4ac79ff1', 'camera-026', 'ლინზა', 'Объектив', 'Lens', '2.8 მმ');
INSERT INTO product_specs (id, productId, keyKa, keyRu, keyEn, value) VALUES ('16adc57d-5cae-40b5-9b74-d6931beb9142', 'camera-026', 'ხედვის კუთხე', 'Угол обзора', 'View Angle', '104°');
INSERT INTO product_specs (id, productId, keyKa, keyRu, keyEn, value) VALUES ('da483663-73b3-43d7-9d84-bf82a8d45607', 'camera-026', 'ღამის ხედვა', 'Ночное видение', 'Night Vision', 'ფერადი');
INSERT INTO product_specs (id, productId, keyKa, keyRu, keyEn, value) VALUES ('ba69cc6d-f0d7-4945-b771-415acad29763', 'camera-026', 'ღამის ხედვა (მანძილი)', 'Дальность ночного видения', 'Night Vision Range', '40 მეტრი');
INSERT INTO product_specs (id, productId, keyKa, keyRu, keyEn, value) VALUES ('1e5ae62d-9dc5-4010-a83a-3d588d0e413d', 'camera-026', 'რეზოლუცია', 'Разрешение', 'Resolution', '4 მპ');
INSERT INTO product_specs (id, productId, keyKa, keyRu, keyEn, value) VALUES ('6c1ba895-8422-4f47-a1ea-377a75813341', 'camera-026', 'მიკროფონი', 'Микрофон', 'Microphone', 'კი');
INSERT INTO product_specs (id, productId, keyKa, keyRu, keyEn, value) VALUES ('4ce593ed-2731-4bde-98e6-7147193c0aef', 'camera-026', 'Micro SD', 'Micro SD', 'Micro SD', '256 GB');
INSERT INTO product_specs (id, productId, keyKa, keyRu, keyEn, value) VALUES ('8cae5cfd-ece1-40db-b4c8-9de5082a1192', 'camera-026', 'დაცვის კლასი', 'Класс защиты', 'Protection Class', 'IP 67');
INSERT INTO product_specs (id, productId, keyKa, keyRu, keyEn, value) VALUES ('e97e9fa8-32f6-46f3-a230-3d9ccf5f42c3', 'camera-026', 'ადამიანის და ავტომობილის სილუეტის ამოცნობა', 'Распознавание людей и авто', 'Human & Vehicle Detection', 'კი');
INSERT INTO products (id, slug, category, price, originalPrice, currency, isActive, isFeatured, images, nameKa, nameRu, nameEn, descriptionKa, descriptionRu, descriptionEn, content, relatedProducts, createdAt, updatedAt) VALUES ('camera-027', 'hikvision-4-outdoor-camera-2-8-12', 'cameras', 129, NULL, 'GEL', 1, 0, '["Untitled-146_uzzt-zo.jpg"]', 'კამერა, IP, 2.8-12mm, 4mp, Dome, IR40m, MVFL, AcuSense, Hikvision, DS-2CD2743G2-IZS', 'Hikvision 4 მპ уличная камера 2.8 - 12 მმ', 'Hikvision 4 მპ outdoor Camera 2.8 - 12 მმ', NULL, NULL, NULL, 'კამერა, IP, 2.8-12mm, 4mp, Dome, IR40m, MVFL, AcuSense, Hikvision, DS-2CD2743G2-IZS. გარე გამოყენების გამოყენება. რეზოლუცია: 4 მპ. ლინზა: 2.8 - 12 მმ.', NULL, '2026-02-17 18:55:02.861', '2026-02-17 18:55:02.861');
INSERT INTO product_specs (id, productId, keyKa, keyRu, keyEn, value) VALUES ('bd76aa8f-2dad-46f6-9847-623f34d1a311', 'camera-027', '101 დადგენილება', 'Регламент 101', '101 Regulation', 'კი');
INSERT INTO product_specs (id, productId, keyKa, keyRu, keyEn, value) VALUES ('101c085b-cf6c-4f8b-81e0-83816b686f81', 'camera-027', 'ბრენდი', 'Бренд', 'Brand', 'Hikvision');
INSERT INTO product_specs (id, productId, keyKa, keyRu, keyEn, value) VALUES ('5366c54d-11ff-4ffa-b27d-a7681ba155d8', 'camera-027', 'კამერის ტიპი', 'Тип камеры', 'Camera Type', 'IP');
INSERT INTO product_specs (id, productId, keyKa, keyRu, keyEn, value) VALUES ('6444a5af-031f-40fe-ba87-9014bacf4de5', 'camera-027', 'კორპუსის ტიპი', 'Тип корпуса', 'Body Type', 'გარე გამოყენების');
INSERT INTO product_specs (id, productId, keyKa, keyRu, keyEn, value) VALUES ('c19ea95a-fea3-42a1-a0e2-5bb03df461aa', 'camera-027', 'ლინზა', 'Объектив', 'Lens', '2.8 - 12 მმ');
INSERT INTO product_specs (id, productId, keyKa, keyRu, keyEn, value) VALUES ('3cb0c612-7239-4d2b-bcc0-beeb38476c98', 'camera-027', 'ხედვის კუთხე', 'Угол обзора', 'View Angle', '101° to 32°');
INSERT INTO product_specs (id, productId, keyKa, keyRu, keyEn, value) VALUES ('0cb2a30c-e086-493b-9e79-0f5711218946', 'camera-027', 'ღამის ხედვა', 'Ночное видение', 'Night Vision', 'ჭკვიანი');
INSERT INTO product_specs (id, productId, keyKa, keyRu, keyEn, value) VALUES ('83078051-2bab-4a7b-a1d1-ea25099a3020', 'camera-027', 'ღამის ხედვა (მანძილი)', 'Дальность ночного видения', 'Night Vision Range', '40 მეტრი');
INSERT INTO product_specs (id, productId, keyKa, keyRu, keyEn, value) VALUES ('d200be1c-14d7-464d-9d33-906ac76312d6', 'camera-027', 'რეზოლუცია', 'Разрешение', 'Resolution', '4 მპ');
INSERT INTO product_specs (id, productId, keyKa, keyRu, keyEn, value) VALUES ('d75f0783-897f-408e-be5d-3e1bc8c91cd0', 'camera-027', 'Micro SD', 'Micro SD', 'Micro SD', '256 GB');
INSERT INTO product_specs (id, productId, keyKa, keyRu, keyEn, value) VALUES ('c0575b6f-190b-4a7c-9b1c-2bee01d1b494', 'camera-027', 'დაცვის კლასი', 'Класс защиты', 'Protection Class', 'IP 67');
INSERT INTO product_specs (id, productId, keyKa, keyRu, keyEn, value) VALUES ('e2a7f12d-d5e8-42f9-9904-bdc1d5dc04bb', 'camera-027', 'ადამიანის და ავტომობილის სილუეტის ამოცნობა', 'Распознавание людей и авто', 'Human & Vehicle Detection', 'კი');
INSERT INTO products (id, slug, category, price, originalPrice, currency, isActive, isFeatured, images, nameKa, nameRu, nameEn, descriptionKa, descriptionRu, descriptionEn, content, relatedProducts, createdAt, updatedAt) VALUES ('camera-028', 'hikvision-4-outdoor-camera-2-8-028', 'cameras', 139, NULL, 'GEL', 1, 0, '["Untitled-148.jpg"]', 'Hikvision DS-2CD2046G2-IU, IP კამერა, 4mp, 2.8mm', 'Hikvision 4 მპ уличная камера 2.8 მმ', 'Hikvision 4 მპ outdoor Camera 2.8 მმ', NULL, NULL, NULL, 'Hikvision DS-2CD2046G2-IU, IP კამერა, 4mp, 2.8mm. გარე გამოყენების გამოყენება. რეზოლუცია: 4 მპ. ლინზა: 2.8 მმ.', NULL, '2026-02-17 17:55:02.862', '2026-02-17 17:55:02.862');
INSERT INTO product_specs (id, productId, keyKa, keyRu, keyEn, value) VALUES ('2a4ca050-f7cc-4f78-8be4-b674208c7861', 'camera-028', '101 დადგენილება', 'Регламент 101', '101 Regulation', 'კი');
INSERT INTO product_specs (id, productId, keyKa, keyRu, keyEn, value) VALUES ('45d30361-0919-4b7b-8701-87c57df3ab0b', 'camera-028', 'ბრენდი', 'Бренд', 'Brand', 'Hikvision');
INSERT INTO product_specs (id, productId, keyKa, keyRu, keyEn, value) VALUES ('7a34e930-93c1-4bec-9f36-06af3db7c304', 'camera-028', 'კამერის ტიპი', 'Тип камеры', 'Camera Type', 'IP');
INSERT INTO product_specs (id, productId, keyKa, keyRu, keyEn, value) VALUES ('8e09c85a-43b1-42b1-b434-c2011aa1d090', 'camera-028', 'კორპუსის ტიპი', 'Тип корпуса', 'Body Type', 'გარე გამოყენების');
INSERT INTO product_specs (id, productId, keyKa, keyRu, keyEn, value) VALUES ('daeb34b0-6b81-4c7a-b8af-3d7a714b89e7', 'camera-028', 'ლინზა', 'Объектив', 'Lens', '2.8 მმ');
INSERT INTO product_specs (id, productId, keyKa, keyRu, keyEn, value) VALUES ('2ae181c1-3f95-4508-8a4c-4a84d2b033e3', 'camera-028', 'ხედვის კუთხე', 'Угол обзора', 'View Angle', '103°');
INSERT INTO product_specs (id, productId, keyKa, keyRu, keyEn, value) VALUES ('350b76ab-5f35-460a-9f7f-54b424491300', 'camera-028', 'ღამის ხედვა', 'Ночное видение', 'Night Vision', 'ჭკვიანი');
INSERT INTO product_specs (id, productId, keyKa, keyRu, keyEn, value) VALUES ('d3b9f04c-da6a-4719-ae3b-ee7e8202a5e8', 'camera-028', 'ღამის ხედვა (მანძილი)', 'Дальность ночного видения', 'Night Vision Range', '40 მეტრი');
INSERT INTO product_specs (id, productId, keyKa, keyRu, keyEn, value) VALUES ('fbd65d8a-d4fa-4a36-b7ea-d5fc503027f0', 'camera-028', 'რეზოლუცია', 'Разрешение', 'Resolution', '4 მპ');
INSERT INTO product_specs (id, productId, keyKa, keyRu, keyEn, value) VALUES ('3f6aa52d-4312-4e00-9a6f-c0c5c96664ae', 'camera-028', 'მიკროფონი', 'Микрофон', 'Microphone', 'კი');
INSERT INTO product_specs (id, productId, keyKa, keyRu, keyEn, value) VALUES ('a8d4111c-752c-4654-9b1e-0409c8742198', 'camera-028', 'Micro SD', 'Micro SD', 'Micro SD', '256 GB');
INSERT INTO product_specs (id, productId, keyKa, keyRu, keyEn, value) VALUES ('40bfe48b-460b-4e9a-8a21-c860b4e3b8af', 'camera-028', 'დაცვის კლასი', 'Класс защиты', 'Protection Class', 'IP 67');
INSERT INTO product_specs (id, productId, keyKa, keyRu, keyEn, value) VALUES ('9786fb65-bd16-41d3-91a3-3473a353051c', 'camera-028', 'ადამიანის და ავტომობილის სილუეტის ამოცნობა', 'Распознавание людей и авто', 'Human & Vehicle Detection', 'კი');
INSERT INTO products (id, slug, category, price, originalPrice, currency, isActive, isFeatured, images, nameKa, nameRu, nameEn, descriptionKa, descriptionRu, descriptionEn, content, relatedProducts, createdAt, updatedAt) VALUES ('camera-029', 'hiwatch-2-outdoor-camera-2-8', 'cameras', 89, NULL, 'GEL', 1, 0, '["Untitled-134.jpg"]', 'Hiwatch კამერა, DS-T200(B), 2.8mm, HDTVI, 2mp, Bullet, Fix, IR20m', 'HiWatch 2 მპ уличная камера 2.8 მმ', 'HiWatch 2 მპ outdoor Camera 2.8 მმ', NULL, NULL, NULL, 'Hiwatch კამერა, DS-T200(B), 2.8mm, HDTVI, 2mp, Bullet, Fix, IR20m. გარე გამოყენების გამოყენება. რეზოლუცია: 2 მპ. ლინზა: 2.8 მმ.', NULL, '2026-02-17 16:55:02.862', '2026-02-17 16:55:02.862');
INSERT INTO product_specs (id, productId, keyKa, keyRu, keyEn, value) VALUES ('3a04d093-a68e-41c6-9804-217cbb33bf61', 'camera-029', 'ბრენდი', 'Бренд', 'Brand', 'HiWatch');
INSERT INTO product_specs (id, productId, keyKa, keyRu, keyEn, value) VALUES ('a12f64dc-180f-46b4-8ffb-c2f8e5f87dfc', 'camera-029', 'კამერის ტიპი', 'Тип камеры', 'Camera Type', 'ანალოგური');
INSERT INTO product_specs (id, productId, keyKa, keyRu, keyEn, value) VALUES ('11fe0757-6d87-42c8-ae82-882d3659eafa', 'camera-029', 'კორპუსის ტიპი', 'Тип корпуса', 'Body Type', 'გარე გამოყენების');
INSERT INTO product_specs (id, productId, keyKa, keyRu, keyEn, value) VALUES ('db8681b2-408e-4112-b0be-a128d26b9ab9', 'camera-029', 'ლინზა', 'Объектив', 'Lens', '2.8 მმ');
INSERT INTO product_specs (id, productId, keyKa, keyRu, keyEn, value) VALUES ('f3db421e-7e8f-41e8-b0d4-56485d25495e', 'camera-029', 'ხედვის კუთხე', 'Угол обзора', 'View Angle', '103.5°');
INSERT INTO product_specs (id, productId, keyKa, keyRu, keyEn, value) VALUES ('740df141-a238-4c6f-b024-e5836045a05b', 'camera-029', 'ღამის ხედვა', 'Ночное видение', 'Night Vision', 'ჭკვიანი');
INSERT INTO product_specs (id, productId, keyKa, keyRu, keyEn, value) VALUES ('7e1f1964-f73b-47aa-a5ba-f8c9da689cb6', 'camera-029', 'ღამის ხედვა (მანძილი)', 'Дальность ночного видения', 'Night Vision Range', '20 მეტრი');
INSERT INTO product_specs (id, productId, keyKa, keyRu, keyEn, value) VALUES ('b284c0cb-bcbc-444d-adff-c08bfecea560', 'camera-029', 'რეზოლუცია', 'Разрешение', 'Resolution', '2 მპ');
INSERT INTO product_specs (id, productId, keyKa, keyRu, keyEn, value) VALUES ('d68bbf48-2c5e-4d13-9aa1-f81198e957a8', 'camera-029', 'დაცვის კლასი', 'Класс защиты', 'Protection Class', 'IP 66 / IK10');
INSERT INTO products (id, slug, category, price, originalPrice, currency, isActive, isFeatured, images, nameKa, nameRu, nameEn, descriptionKa, descriptionRu, descriptionEn, content, relatedProducts, createdAt, updatedAt) VALUES ('camera-030', 'hikvision-4-outdoor-camera-4', 'cameras', 119, NULL, 'GEL', 1, 0, '["Untitled-147.jpg"]', 'IP კამერა - 4მპ, 4მმ, Bullet, 4G, Mic, SD, Hikvision, DS-2CD2T47G2-L', 'Hikvision 4 მპ уличная камера 4 მმ', 'Hikvision 4 მპ outdoor Camera 4 მმ', NULL, NULL, NULL, 'IP კამერა - 4მპ, 4მმ, Bullet, 4G, Mic, SD, Hikvision, DS-2CD2T47G2-L. გარე გამოყენების გამოყენება. რეზოლუცია: 4 მპ. ლინზა: 4 მმ.', NULL, '2026-02-17 15:55:02.863', '2026-02-17 15:55:02.863');
INSERT INTO product_specs (id, productId, keyKa, keyRu, keyEn, value) VALUES ('cf6f5ac0-0f15-470a-874f-9e90f53ef8fa', 'camera-030', 'ბრენდი', 'Бренд', 'Brand', 'Hikvision');
INSERT INTO product_specs (id, productId, keyKa, keyRu, keyEn, value) VALUES ('3d51fb96-3031-4936-b7b1-4051708efc2b', 'camera-030', 'კამერის ტიპი', 'Тип камеры', 'Camera Type', 'IP');
INSERT INTO product_specs (id, productId, keyKa, keyRu, keyEn, value) VALUES ('75c8b055-c61c-4ab7-b495-024b2089e0d4', 'camera-030', 'კორპუსის ტიპი', 'Тип корпуса', 'Body Type', 'გარე გამოყენების');
INSERT INTO product_specs (id, productId, keyKa, keyRu, keyEn, value) VALUES ('8421ecd9-fa08-4c58-a029-1a27d6888256', 'camera-030', 'ლინზა', 'Объектив', 'Lens', '4 მმ');
INSERT INTO product_specs (id, productId, keyKa, keyRu, keyEn, value) VALUES ('a1cf244a-6706-4a65-b817-73538857654b', 'camera-030', 'ხედვის კუთხე', 'Угол обзора', 'View Angle', '84°');
INSERT INTO product_specs (id, productId, keyKa, keyRu, keyEn, value) VALUES ('5a1d1b96-6b62-49b5-a177-7db51c4e753c', 'camera-030', 'ღამის ხედვა', 'Ночное видение', 'Night Vision', 'ფერადი');
INSERT INTO product_specs (id, productId, keyKa, keyRu, keyEn, value) VALUES ('c4b87d8a-48f2-49c9-928b-e6d988b4725a', 'camera-030', 'ღამის ხედვა (მანძილი)', 'Дальность ночного видения', 'Night Vision Range', '60 მეტრი');
INSERT INTO product_specs (id, productId, keyKa, keyRu, keyEn, value) VALUES ('20ec7f11-d97a-42a4-9d24-9fbd7f236c10', 'camera-030', 'რეზოლუცია', 'Разрешение', 'Resolution', '4 მპ');
INSERT INTO product_specs (id, productId, keyKa, keyRu, keyEn, value) VALUES ('59c6527b-6958-4bd6-b175-a329af6c18db', 'camera-030', 'მიკროფონი', 'Микрофон', 'Microphone', 'კი');
INSERT INTO product_specs (id, productId, keyKa, keyRu, keyEn, value) VALUES ('ad040fd3-28d9-4917-aa5f-9204cdd83e36', 'camera-030', 'Micro SD', 'Micro SD', 'Micro SD', '256 GB');
INSERT INTO product_specs (id, productId, keyKa, keyRu, keyEn, value) VALUES ('73b367bf-a7e3-4af9-9047-f14ab104388f', 'camera-030', 'დაცვის კლასი', 'Класс защиты', 'Protection Class', 'IP 67');
INSERT INTO product_specs (id, productId, keyKa, keyRu, keyEn, value) VALUES ('4c87b43e-796f-4561-b0c8-9b4c9c41ea31', 'camera-030', 'ადამიანის და ავტომობილის სილუეტის ამოცნობა', 'Распознавание людей и авто', 'Human & Vehicle Detection', 'კი');
INSERT INTO products (id, slug, category, price, originalPrice, currency, isActive, isFeatured, images, nameKa, nameRu, nameEn, descriptionKa, descriptionRu, descriptionEn, content, relatedProducts, createdAt, updatedAt) VALUES ('camera-031', 'hikvision-4-outdoor-camera-4-8-120', 'cameras', 129, NULL, 'GEL', 1, 0, '["Untitled-151_j39o-9m.jpg"]', 'IP კამერა - 4მპ, Dome, PTZ, 16x, SD, Hikvision, DS-2DE4A425IWG-E', 'Hikvision 4 მპ уличная камера 4.8 - 120 მმ', 'Hikvision 4 მპ outdoor Camera 4.8 - 120 მმ', NULL, NULL, NULL, 'IP კამერა - 4მპ, Dome, PTZ, 16x, SD, Hikvision, DS-2DE4A425IWG-E. გარე გამოყენების გამოყენება. რეზოლუცია: 4 მპ. ლინზა: 4.8 - 120 მმ.', NULL, '2026-02-17 14:55:02.864', '2026-02-17 14:55:02.864');
INSERT INTO product_specs (id, productId, keyKa, keyRu, keyEn, value) VALUES ('4dd559f0-3043-4ec7-8aa8-30659f1aceb8', 'camera-031', 'PTZ / PT', 'PTZ / PT', 'PTZ / PT', 'PTZ');
INSERT INTO product_specs (id, productId, keyKa, keyRu, keyEn, value) VALUES ('2f6e0107-d372-48ac-9a74-755a73da3fbd', 'camera-031', 'ბრენდი', 'Бренд', 'Brand', 'Hikvision');
INSERT INTO product_specs (id, productId, keyKa, keyRu, keyEn, value) VALUES ('1ccbfdc1-3c0c-46e3-94c3-77679cf21ebb', 'camera-031', 'კამერის ტიპი', 'Тип камеры', 'Camera Type', 'IP');
INSERT INTO product_specs (id, productId, keyKa, keyRu, keyEn, value) VALUES ('f13ef408-d00d-46fc-9564-b57026765792', 'camera-031', 'კორპუსის ტიპი', 'Тип корпуса', 'Body Type', 'გარე გამოყენების');
INSERT INTO product_specs (id, productId, keyKa, keyRu, keyEn, value) VALUES ('553fb8ed-4a7f-4281-b0c3-c21e03832719', 'camera-031', 'ლინზა', 'Объектив', 'Lens', '4.8 - 120 მმ');
INSERT INTO product_specs (id, productId, keyKa, keyRu, keyEn, value) VALUES ('15209fcf-41a4-4f9f-9702-cede445dcb9c', 'camera-031', 'ხედვის კუთხე', 'Угол обзора', 'View Angle', '54.7° to 2.4°');
INSERT INTO product_specs (id, productId, keyKa, keyRu, keyEn, value) VALUES ('0b5ce77d-d95c-4345-8a18-394634d4ec61', 'camera-031', 'ღამის ხედვა', 'Ночное видение', 'Night Vision', 'ჭკვიანი');
INSERT INTO product_specs (id, productId, keyKa, keyRu, keyEn, value) VALUES ('207bf818-2763-416f-9585-4473f7c8cea0', 'camera-031', 'ღამის ხედვა (მანძილი)', 'Дальность ночного видения', 'Night Vision Range', '100 მეტრი');
INSERT INTO product_specs (id, productId, keyKa, keyRu, keyEn, value) VALUES ('68d6486d-deb7-416b-9d2e-e3d2729aac70', 'camera-031', 'რეზოლუცია', 'Разрешение', 'Resolution', '4 მპ');
INSERT INTO product_specs (id, productId, keyKa, keyRu, keyEn, value) VALUES ('d2780083-d7b0-4d8d-8e23-11677f397149', 'camera-031', 'Micro SD', 'Micro SD', 'Micro SD', '256 GB');
INSERT INTO product_specs (id, productId, keyKa, keyRu, keyEn, value) VALUES ('19146cda-815a-432b-81d1-73ef3673af24', 'camera-031', 'დაცვის კლასი', 'Класс защиты', 'Protection Class', 'IP 66');
INSERT INTO product_specs (id, productId, keyKa, keyRu, keyEn, value) VALUES ('602e4d09-d61a-4b21-b688-448498b389a9', 'camera-031', 'ადამიანის და ავტომობილის სილუეტის ამოცნობა', 'Распознавание людей и авто', 'Human & Vehicle Detection', 'კი');
INSERT INTO product_specs (id, productId, keyKa, keyRu, keyEn, value) VALUES ('f472d57c-4083-434d-8ecc-7ff7a7420dec', 'camera-031', 'ოპტიკური ზუმი', 'Оптический зум', 'Optical Zoom', '25x');
INSERT INTO products (id, slug, category, price, originalPrice, currency, isActive, isFeatured, images, nameKa, nameRu, nameEn, descriptionKa, descriptionRu, descriptionEn, content, relatedProducts, createdAt, updatedAt) VALUES ('camera-032', 'hikvision-4-outdoor-camera-4-032', 'cameras', 119, NULL, 'GEL', 1, 0, '["Untitled-134_0ygo-by_xt0q-m1.jpg"]', 'კამერა, IP, 4mm, 4mp, Bullet, IR80m, AcuSense, microSD, Hikvision, DS-2CD2T47G2-L', 'Hikvision 4 მპ уличная камера 4 მმ', 'Hikvision 4 მპ outdoor Camera 4 მმ', NULL, NULL, NULL, 'კამერა, IP, 4mm, 4mp, Bullet, IR80m, AcuSense, microSD, Hikvision, DS-2CD2T47G2-L. გარე გამოყენების გამოყენება. რეზოლუცია: 4 მპ. ლინზა: 4 მმ.', NULL, '2026-02-17 13:55:02.864', '2026-02-17 13:55:02.864');
INSERT INTO product_specs (id, productId, keyKa, keyRu, keyEn, value) VALUES ('dd50d6de-2a4d-4122-8c2d-0f0fc26d3f6a', 'camera-032', '101 დადგენილება', 'Регламент 101', '101 Regulation', 'კი');
INSERT INTO product_specs (id, productId, keyKa, keyRu, keyEn, value) VALUES ('d965784c-d677-4c7c-b218-b90670231c14', 'camera-032', 'ბრენდი', 'Бренд', 'Brand', 'Hikvision');
INSERT INTO product_specs (id, productId, keyKa, keyRu, keyEn, value) VALUES ('489cbb11-e997-433a-b49b-981460196668', 'camera-032', 'კამერის ტიპი', 'Тип камеры', 'Camera Type', 'IP');
INSERT INTO product_specs (id, productId, keyKa, keyRu, keyEn, value) VALUES ('d9625bf9-8b68-4bf8-9edb-d15b4cc923da', 'camera-032', 'კორპუსის ტიპი', 'Тип корпуса', 'Body Type', 'გარე გამოყენების');
INSERT INTO product_specs (id, productId, keyKa, keyRu, keyEn, value) VALUES ('5a3b00bc-f3ef-4255-b903-4aa02af7e363', 'camera-032', 'ლინზა', 'Объектив', 'Lens', '4 მმ');
INSERT INTO product_specs (id, productId, keyKa, keyRu, keyEn, value) VALUES ('a21bc1df-cc38-48e8-8baf-1043cb641fb2', 'camera-032', 'ხედვის კუთხე', 'Угол обзора', 'View Angle', '84°');
INSERT INTO product_specs (id, productId, keyKa, keyRu, keyEn, value) VALUES ('8d8aa88b-56ad-43ec-9112-dc59e3bdeebf', 'camera-032', 'ღამის ხედვა', 'Ночное видение', 'Night Vision', 'ჭკვიანი');
INSERT INTO product_specs (id, productId, keyKa, keyRu, keyEn, value) VALUES ('81867a47-37ef-4660-9341-c4d1087f7cea', 'camera-032', 'ღამის ხედვა (მანძილი)', 'Дальность ночного видения', 'Night Vision Range', '80 მეტრი');
INSERT INTO product_specs (id, productId, keyKa, keyRu, keyEn, value) VALUES ('e53e00ce-50df-4622-b16a-900a07fa561a', 'camera-032', 'რეზოლუცია', 'Разрешение', 'Resolution', '4 მპ');
INSERT INTO product_specs (id, productId, keyKa, keyRu, keyEn, value) VALUES ('471ca4df-6b54-43a8-a9b4-c6fdbe5fe95d', 'camera-032', 'Micro SD', 'Micro SD', 'Micro SD', '256 GB');
INSERT INTO product_specs (id, productId, keyKa, keyRu, keyEn, value) VALUES ('f4599df4-3696-4189-a510-8eda528344a8', 'camera-032', 'დაცვის კლასი', 'Класс защиты', 'Protection Class', 'IP 67');
INSERT INTO product_specs (id, productId, keyKa, keyRu, keyEn, value) VALUES ('06935033-316f-46a6-bcbf-1b9bfa739d90', 'camera-032', 'ადამიანის და ავტომობილის სილუეტის ამოცნობა', 'Распознавание людей и авто', 'Human & Vehicle Detection', 'კი');
INSERT INTO products (id, slug, category, price, originalPrice, currency, isActive, isFeatured, images, nameKa, nameRu, nameEn, descriptionKa, descriptionRu, descriptionEn, content, relatedProducts, createdAt, updatedAt) VALUES ('camera-033', 'hiwatch-4-outdoor-camera-2-8', 'cameras', 119, NULL, 'GEL', 1, 0, '["Untitled-134_p01o-cf.jpg"]', 'კამერა, 2.8mm, IP, 4mp, Bullet, Fix, IR30m, HiWatch, DS-I400(D)', 'HiWatch 4 მპ уличная камера 2.8 მმ', 'HiWatch 4 მპ outdoor Camera 2.8 მმ', NULL, NULL, NULL, 'კამერა, 2.8mm, IP, 4mp, Bullet, Fix, IR30m, HiWatch, DS-I400(D). გარე გამოყენების გამოყენება. რეზოლუცია: 4 მპ. ლინზა: 2.8 მმ.', NULL, '2026-02-17 12:55:02.865', '2026-02-17 12:55:02.865');
INSERT INTO product_specs (id, productId, keyKa, keyRu, keyEn, value) VALUES ('ac54128c-0ca9-4c14-b8c1-4ff0fb17d4ad', 'camera-033', 'ბრენდი', 'Бренд', 'Brand', 'HiWatch');
INSERT INTO product_specs (id, productId, keyKa, keyRu, keyEn, value) VALUES ('bcef51b1-cffd-4004-9d07-1eaf31cccbce', 'camera-033', 'კამერის ტიპი', 'Тип камеры', 'Camera Type', 'IP');
INSERT INTO product_specs (id, productId, keyKa, keyRu, keyEn, value) VALUES ('d83be50b-063f-4fa0-88fb-039bfa6e639e', 'camera-033', 'კორპუსის ტიპი', 'Тип корпуса', 'Body Type', 'გარე გამოყენების');
INSERT INTO product_specs (id, productId, keyKa, keyRu, keyEn, value) VALUES ('256a4880-2ef6-470c-8ed5-1ccd1763675a', 'camera-033', 'ლინზა', 'Объектив', 'Lens', '2.8 მმ');
INSERT INTO product_specs (id, productId, keyKa, keyRu, keyEn, value) VALUES ('b3b57468-0f19-4df1-94a8-189c039a7bd1', 'camera-033', 'ხედვის კუთხე', 'Угол обзора', 'View Angle', '103.5°');
INSERT INTO product_specs (id, productId, keyKa, keyRu, keyEn, value) VALUES ('163cecf7-1bad-4554-8371-ada88c0bdbeb', 'camera-033', 'ღამის ხედვა', 'Ночное видение', 'Night Vision', 'ჭკვიანი');
INSERT INTO product_specs (id, productId, keyKa, keyRu, keyEn, value) VALUES ('a9afac3d-d6c8-4c5b-aaa0-c9b7c207aa45', 'camera-033', 'ღამის ხედვა (მანძილი)', 'Дальность ночного видения', 'Night Vision Range', '30 მეტრი');
INSERT INTO product_specs (id, productId, keyKa, keyRu, keyEn, value) VALUES ('635d5f5c-2835-4074-b061-3c2159c86393', 'camera-033', 'რეზოლუცია', 'Разрешение', 'Resolution', '4 მპ');
INSERT INTO product_specs (id, productId, keyKa, keyRu, keyEn, value) VALUES ('4bebbc91-e5e4-4eb4-98e6-d70d398dbdda', 'camera-033', 'Micro SD', 'Micro SD', 'Micro SD', '256 GB');
INSERT INTO product_specs (id, productId, keyKa, keyRu, keyEn, value) VALUES ('51e9bfd3-07b3-4b29-93eb-cf93ee499f41', 'camera-033', 'დაცვის კლასი', 'Класс защиты', 'Protection Class', 'IP 67');
INSERT INTO products (id, slug, category, price, originalPrice, currency, isActive, isFeatured, images, nameKa, nameRu, nameEn, descriptionKa, descriptionRu, descriptionEn, content, relatedProducts, createdAt, updatedAt) VALUES ('camera-034', 'hikvision-4-outdoor-camera-4-034', 'cameras', 129, NULL, 'GEL', 1, 0, '["Untitled-142_t0y3-vb.jpg"]', 'სამეთვალყურეო კამერა, 4mm, 4mp, IP, Hikvision, DS-2CD2143G2-LI', 'Hikvision 4 მპ уличная камера 4 მმ', 'Hikvision 4 მპ outdoor Camera 4 მმ', NULL, NULL, NULL, 'სამეთვალყურეო კამერა, 4mm, 4mp, IP, Hikvision, DS-2CD2143G2-LI. გარე გამოყენების გამოყენება. რეზოლუცია: 4 მპ. ლინზა: 4 მმ.', NULL, '2026-02-17 11:55:02.865', '2026-02-17 11:55:02.865');
INSERT INTO product_specs (id, productId, keyKa, keyRu, keyEn, value) VALUES ('342aecac-b557-441a-a0e9-a09777475421', 'camera-034', '101 დადგენილება', 'Регламент 101', '101 Regulation', 'კი');
INSERT INTO product_specs (id, productId, keyKa, keyRu, keyEn, value) VALUES ('41fcb819-6a52-4e11-9724-c33e1cba293e', 'camera-034', 'ბრენდი', 'Бренд', 'Brand', 'Hikvision');
INSERT INTO product_specs (id, productId, keyKa, keyRu, keyEn, value) VALUES ('41a8a250-8146-49ed-aff6-36d7f2c46f19', 'camera-034', 'კამერის ტიპი', 'Тип камеры', 'Camera Type', 'IP');
INSERT INTO product_specs (id, productId, keyKa, keyRu, keyEn, value) VALUES ('528254f3-6ae2-476f-976c-1a3911ce5d11', 'camera-034', 'კორპუსის ტიპი', 'Тип корпуса', 'Body Type', 'გარე გამოყენების');
INSERT INTO product_specs (id, productId, keyKa, keyRu, keyEn, value) VALUES ('649e2630-6f48-473e-8fea-0b44d9af537a', 'camera-034', 'ლინზა', 'Объектив', 'Lens', '4 მმ');
INSERT INTO product_specs (id, productId, keyKa, keyRu, keyEn, value) VALUES ('7f0463d3-35e9-41a8-ac61-459d93341d1c', 'camera-034', 'ხედვის კუთხე', 'Угол обзора', 'View Angle', '84°');
INSERT INTO product_specs (id, productId, keyKa, keyRu, keyEn, value) VALUES ('aadc7fb4-2831-4222-9ee9-835e6172b4ff', 'camera-034', 'ღამის ხედვა', 'Ночное видение', 'Night Vision', 'ჭკვიანი');
INSERT INTO product_specs (id, productId, keyKa, keyRu, keyEn, value) VALUES ('3b1a200f-e19b-42c8-9d08-e1ef5a82c010', 'camera-034', 'ღამის ხედვა (მანძილი)', 'Дальность ночного видения', 'Night Vision Range', '40 მეტრი');
INSERT INTO product_specs (id, productId, keyKa, keyRu, keyEn, value) VALUES ('238b10ce-964f-482c-84b5-281988db215d', 'camera-034', 'რეზოლუცია', 'Разрешение', 'Resolution', '4 მპ');
INSERT INTO product_specs (id, productId, keyKa, keyRu, keyEn, value) VALUES ('cea32ed4-a9ef-4d3b-9f0d-fa773527144f', 'camera-034', 'მიკროფონი', 'Микрофон', 'Microphone', 'კი');
INSERT INTO product_specs (id, productId, keyKa, keyRu, keyEn, value) VALUES ('6fd3f0b4-61b7-461e-9d26-9227adfe84e8', 'camera-034', 'Micro SD', 'Micro SD', 'Micro SD', '256 GB');
INSERT INTO product_specs (id, productId, keyKa, keyRu, keyEn, value) VALUES ('c7145da8-2cf1-4773-9827-e6fde2dae237', 'camera-034', 'დაცვის კლასი', 'Класс защиты', 'Protection Class', 'IP 67');
INSERT INTO product_specs (id, productId, keyKa, keyRu, keyEn, value) VALUES ('291a241a-5fa6-483d-871b-3e4027a9cf4a', 'camera-034', 'ადამიანის და ავტომობილის სილუეტის ამოცნობა', 'Распознавание людей и авто', 'Human & Vehicle Detection', 'კი');
INSERT INTO products (id, slug, category, price, originalPrice, currency, isActive, isFeatured, images, nameKa, nameRu, nameEn, descriptionKa, descriptionRu, descriptionEn, content, relatedProducts, createdAt, updatedAt) VALUES ('camera-035', 'hikvision-4-outdoor-camera-2-8-035', 'cameras', 129, NULL, 'GEL', 1, 0, '["Untitled-141_0xnz-hg.jpg"]', 'IP კამერა - 4მპ, 2.8მმ, Turret, Mic, SD, ColorHunter, Hikvision, DS-2CD2347G2-LU', 'Hikvision 4 მპ уличная камера 2.8 მმ', 'Hikvision 4 მპ outdoor Camera 2.8 მმ', NULL, NULL, NULL, 'IP კამერა - 4მპ, 2.8მმ, Turret, Mic, SD, ColorHunter, Hikvision, DS-2CD2347G2-LU. გარე გამოყენების გამოყენება. რეზოლუცია: 4 მპ. ლინზა: 2.8 მმ.', NULL, '2026-02-17 10:55:02.866', '2026-02-17 10:55:02.866');
INSERT INTO product_specs (id, productId, keyKa, keyRu, keyEn, value) VALUES ('d915b090-671c-4f93-9774-2b3c6c7e3e53', 'camera-035', '101 დადგენილება', 'Регламент 101', '101 Regulation', 'კი');
INSERT INTO product_specs (id, productId, keyKa, keyRu, keyEn, value) VALUES ('0e3b9f7b-32b7-4f2e-8fa8-f702b672e21d', 'camera-035', 'ბრენდი', 'Бренд', 'Brand', 'Hikvision');
INSERT INTO product_specs (id, productId, keyKa, keyRu, keyEn, value) VALUES ('b03648c4-1ed3-4bbe-87b6-d70bc6357339', 'camera-035', 'კამერის ტიპი', 'Тип камеры', 'Camera Type', 'IP');
INSERT INTO product_specs (id, productId, keyKa, keyRu, keyEn, value) VALUES ('407e3fb7-9921-4931-95ce-27a941217fcf', 'camera-035', 'კორპუსის ტიპი', 'Тип корпуса', 'Body Type', 'გარე გამოყენების');
INSERT INTO product_specs (id, productId, keyKa, keyRu, keyEn, value) VALUES ('5bdfa14a-6eae-4aa4-b4a0-d5dbeca6a5f5', 'camera-035', 'ლინზა', 'Объектив', 'Lens', '2.8 მმ');
INSERT INTO product_specs (id, productId, keyKa, keyRu, keyEn, value) VALUES ('a4d7a2ee-9293-4f5a-8e42-3e58606411c5', 'camera-035', 'ხედვის კუთხე', 'Угол обзора', 'View Angle', '104°');
INSERT INTO product_specs (id, productId, keyKa, keyRu, keyEn, value) VALUES ('9d6cb708-0271-47f2-b28d-295133382c72', 'camera-035', 'ღამის ხედვა', 'Ночное видение', 'Night Vision', 'ფერადი');
INSERT INTO product_specs (id, productId, keyKa, keyRu, keyEn, value) VALUES ('042bc263-cd06-4728-80ea-16103f4db85d', 'camera-035', 'ღამის ხედვა (მანძილი)', 'Дальность ночного видения', 'Night Vision Range', '40 მეტრი');
INSERT INTO product_specs (id, productId, keyKa, keyRu, keyEn, value) VALUES ('9b0720c5-4158-49be-9054-f7fcfad4d8b8', 'camera-035', 'რეზოლუცია', 'Разрешение', 'Resolution', '4 მპ');
INSERT INTO product_specs (id, productId, keyKa, keyRu, keyEn, value) VALUES ('05a6fca5-c5ea-47e2-9eee-d5c4a8dbcded', 'camera-035', 'მიკროფონი', 'Микрофон', 'Microphone', 'კი');
INSERT INTO product_specs (id, productId, keyKa, keyRu, keyEn, value) VALUES ('f1080eed-c0ee-4499-8c9a-16148997ed09', 'camera-035', 'Micro SD', 'Micro SD', 'Micro SD', '256 GB');
INSERT INTO product_specs (id, productId, keyKa, keyRu, keyEn, value) VALUES ('d111e164-37dd-48d4-ac45-d3ecaaf9efba', 'camera-035', 'დაცვის კლასი', 'Класс защиты', 'Protection Class', 'IP 67');
INSERT INTO product_specs (id, productId, keyKa, keyRu, keyEn, value) VALUES ('5907ab76-3c55-495c-9598-a0b63282a5d6', 'camera-035', 'ადამიანის და ავტომობილის სილუეტის ამოცნობა', 'Распознавание людей и авто', 'Human & Vehicle Detection', 'კი');
INSERT INTO products (id, slug, category, price, originalPrice, currency, isActive, isFeatured, images, nameKa, nameRu, nameEn, descriptionKa, descriptionRu, descriptionEn, content, relatedProducts, createdAt, updatedAt) VALUES ('camera-036', 'hikvision-4-outdoor-camera-2-8-12-036', 'cameras', 139, NULL, 'GEL', 1, 0, '["Untitled-169_nvyi-w9.jpg"]', 'IP კამერა - 4მპ, VF, Dome, Mic, SD, Hikvision, DS-2CD2743G2-IZS', 'Hikvision 4 მპ уличная камера 2.8 - 12 მმ', 'Hikvision 4 მპ outdoor Camera 2.8 - 12 მმ', NULL, NULL, NULL, 'IP კამერა - 4მპ, VF, Dome, Mic, SD, Hikvision, DS-2CD2743G2-IZS. გარე გამოყენების გამოყენება. რეზოლუცია: 4 მპ. ლინზა: 2.8 - 12 მმ.', NULL, '2026-02-17 09:55:02.866', '2026-02-17 09:55:02.866');
INSERT INTO product_specs (id, productId, keyKa, keyRu, keyEn, value) VALUES ('c81e7853-e29c-4c09-80bc-9177f0452dea', 'camera-036', '101 დადგენილება', 'Регламент 101', '101 Regulation', 'კი');
INSERT INTO product_specs (id, productId, keyKa, keyRu, keyEn, value) VALUES ('c6907a1a-1b1b-45fd-bc20-84ac3fe919af', 'camera-036', 'ბრენდი', 'Бренд', 'Brand', 'Hikvision');
INSERT INTO product_specs (id, productId, keyKa, keyRu, keyEn, value) VALUES ('83f5fc1f-2495-4c09-beb9-7f46e5d5ddd5', 'camera-036', 'კამერის ტიპი', 'Тип камеры', 'Camera Type', 'IP');
INSERT INTO product_specs (id, productId, keyKa, keyRu, keyEn, value) VALUES ('55402047-953f-491c-b511-dd4442e927fb', 'camera-036', 'კორპუსის ტიპი', 'Тип корпуса', 'Body Type', 'გარე გამოყენების');
INSERT INTO product_specs (id, productId, keyKa, keyRu, keyEn, value) VALUES ('e002b942-c3b6-4f5b-ab80-b4c20e01dc69', 'camera-036', 'ლინზა', 'Объектив', 'Lens', '2.8 - 12 მმ');
INSERT INTO product_specs (id, productId, keyKa, keyRu, keyEn, value) VALUES ('16f77577-85dc-4870-ab66-d390acf400b2', 'camera-036', 'ხედვის კუთხე', 'Угол обзора', 'View Angle', '101° to 32°');
INSERT INTO product_specs (id, productId, keyKa, keyRu, keyEn, value) VALUES ('24be2cb3-7cfc-4e21-a1c8-a36bc3cb8c33', 'camera-036', 'ღამის ხედვა', 'Ночное видение', 'Night Vision', 'ჭკვიანი');
INSERT INTO product_specs (id, productId, keyKa, keyRu, keyEn, value) VALUES ('1ba28bc6-2a31-4bf2-bb36-4d25326decc3', 'camera-036', 'ღამის ხედვა (მანძილი)', 'Дальность ночного видения', 'Night Vision Range', '40 მეტრი');
INSERT INTO product_specs (id, productId, keyKa, keyRu, keyEn, value) VALUES ('1edcb025-97b2-41b9-95b5-8d57dc5fe2f1', 'camera-036', 'რეზოლუცია', 'Разрешение', 'Resolution', '4 მპ');
INSERT INTO product_specs (id, productId, keyKa, keyRu, keyEn, value) VALUES ('b3604121-bcfa-4c9d-8773-c1798f41be1e', 'camera-036', 'მიკროფონი', 'Микрофон', 'Microphone', 'კი');
INSERT INTO product_specs (id, productId, keyKa, keyRu, keyEn, value) VALUES ('8f8d3520-864c-4343-a4a0-541c53cc24ad', 'camera-036', 'Micro SD', 'Micro SD', 'Micro SD', '256 GB');
INSERT INTO product_specs (id, productId, keyKa, keyRu, keyEn, value) VALUES ('51e64563-4cfe-44ce-a4bb-a91c17bdbac4', 'camera-036', 'დაცვის კლასი', 'Класс защиты', 'Protection Class', 'IP 67');
INSERT INTO product_specs (id, productId, keyKa, keyRu, keyEn, value) VALUES ('0bd62f11-27a3-404a-9e57-936ab16d11a4', 'camera-036', 'ადამიანის და ავტომობილის სილუეტის ამოცნობა', 'Распознавание людей и авто', 'Human & Vehicle Detection', 'კი');
INSERT INTO products (id, slug, category, price, originalPrice, currency, isActive, isFeatured, images, nameKa, nameRu, nameEn, descriptionKa, descriptionRu, descriptionEn, content, relatedProducts, createdAt, updatedAt) VALUES ('camera-037', 'hikvision-4-outdoor-camera-4-037', 'cameras', 129, NULL, 'GEL', 1, 0, '["Untitled-171_fi9h-di.jpg"]', 'კამერა, IP, 4mm, 4mp, Dome, IR30m, AcuSense, Mic, Hikvision, DS-2CD2143G2-I', 'Hikvision 4 მპ уличная камера 4 მმ', 'Hikvision 4 მპ outdoor Camera 4 მმ', NULL, NULL, NULL, 'კამერა, IP, 4mm, 4mp, Dome, IR30m, AcuSense, Mic, Hikvision, DS-2CD2143G2-I. გარე გამოყენების გამოყენება. რეზოლუცია: 4 მპ. ლინზა: 4 მმ.', NULL, '2026-02-17 08:55:02.866', '2026-02-17 08:55:02.866');
INSERT INTO product_specs (id, productId, keyKa, keyRu, keyEn, value) VALUES ('7303da9f-c3b2-45e1-997d-00d497cda995', 'camera-037', '101 დადგენილება', 'Регламент 101', '101 Regulation', 'კი');
INSERT INTO product_specs (id, productId, keyKa, keyRu, keyEn, value) VALUES ('548a5514-daa0-4de2-8a59-a358accc70cf', 'camera-037', 'ბრენდი', 'Бренд', 'Brand', 'Hikvision');
INSERT INTO product_specs (id, productId, keyKa, keyRu, keyEn, value) VALUES ('73c605b4-d8bc-4ded-91eb-f0dde5c37e5c', 'camera-037', 'კამერის ტიპი', 'Тип камеры', 'Camera Type', 'IP');
INSERT INTO product_specs (id, productId, keyKa, keyRu, keyEn, value) VALUES ('ec913734-b8d5-4d7c-a61c-53be1f1026c3', 'camera-037', 'კორპუსის ტიპი', 'Тип корпуса', 'Body Type', 'გარე გამოყენების');
INSERT INTO product_specs (id, productId, keyKa, keyRu, keyEn, value) VALUES ('9a19a167-dfe7-4a18-bffb-ba1cde9a60a6', 'camera-037', 'ლინზა', 'Объектив', 'Lens', '4 მმ');
INSERT INTO product_specs (id, productId, keyKa, keyRu, keyEn, value) VALUES ('8cda7934-1110-4247-9572-88843be1e3c2', 'camera-037', 'ხედვის კუთხე', 'Угол обзора', 'View Angle', '84°');
INSERT INTO product_specs (id, productId, keyKa, keyRu, keyEn, value) VALUES ('6c4544d4-8972-4d02-95e3-f48044ccfbf5', 'camera-037', 'ღამის ხედვა', 'Ночное видение', 'Night Vision', 'ჭკვიანი');
INSERT INTO product_specs (id, productId, keyKa, keyRu, keyEn, value) VALUES ('1115bb72-f363-481d-bd38-9314f4f363e6', 'camera-037', 'ღამის ხედვა (მანძილი)', 'Дальность ночного видения', 'Night Vision Range', '40 მეტრი');
INSERT INTO product_specs (id, productId, keyKa, keyRu, keyEn, value) VALUES ('fa14470b-a60a-4968-9d62-9b4b35283cd0', 'camera-037', 'რეზოლუცია', 'Разрешение', 'Resolution', '4 მპ');
INSERT INTO product_specs (id, productId, keyKa, keyRu, keyEn, value) VALUES ('6c2479fb-e8c6-48f6-8942-fecbefef6fad', 'camera-037', 'მიკროფონი', 'Микрофон', 'Microphone', 'კი');
INSERT INTO product_specs (id, productId, keyKa, keyRu, keyEn, value) VALUES ('69ef4627-9d26-4fc3-a2ea-71ed0bbbd0ed', 'camera-037', 'Micro SD', 'Micro SD', 'Micro SD', '256 GB');
INSERT INTO product_specs (id, productId, keyKa, keyRu, keyEn, value) VALUES ('b08133bc-22a6-40dd-8945-f6fd4937ad98', 'camera-037', 'დაცვის კლასი', 'Класс защиты', 'Protection Class', 'IP 67');
INSERT INTO product_specs (id, productId, keyKa, keyRu, keyEn, value) VALUES ('e0b8be6a-4c77-4581-a05b-acf6ccd5b02c', 'camera-037', 'ადამიანის და ავტომობილის სილუეტის ამოცნობა', 'Распознавание людей и авто', 'Human & Vehicle Detection', 'კი');
INSERT INTO products (id, slug, category, price, originalPrice, currency, isActive, isFeatured, images, nameKa, nameRu, nameEn, descriptionKa, descriptionRu, descriptionEn, content, relatedProducts, createdAt, updatedAt) VALUES ('camera-038', 'hikvision-2-outdoor-camera-4', 'cameras', 109, NULL, 'GEL', 1, 0, '["Untitled-102_01yq-h2.jpg"]', 'IP კამერა - 2მპ, 4მმ, Bullet, Hikvision, DS-2CD2123G2-I', 'Hikvision 2 მპ уличная камера 4 მმ', 'Hikvision 2 მპ outdoor Camera 4 მმ', NULL, NULL, NULL, 'IP კამერა - 2მპ, 4მმ, Bullet, Hikvision, DS-2CD2123G2-I. გარე გამოყენების გამოყენება. რეზოლუცია: 2 მპ. ლინზა: 4 მმ.', NULL, '2026-02-17 07:55:02.867', '2026-02-17 07:55:02.867');
INSERT INTO product_specs (id, productId, keyKa, keyRu, keyEn, value) VALUES ('64cd9574-2b5c-469c-8aa1-796553dcd9dd', 'camera-038', '101 დადგენილება', 'Регламент 101', '101 Regulation', 'კი');
INSERT INTO product_specs (id, productId, keyKa, keyRu, keyEn, value) VALUES ('94345d72-97f7-40b3-92ed-a144f13015f6', 'camera-038', 'ბრენდი', 'Бренд', 'Brand', 'Hikvision');
INSERT INTO product_specs (id, productId, keyKa, keyRu, keyEn, value) VALUES ('a4140b18-c432-46f6-b435-a0a6d6c66dfd', 'camera-038', 'კამერის ტიპი', 'Тип камеры', 'Camera Type', 'IP');
INSERT INTO product_specs (id, productId, keyKa, keyRu, keyEn, value) VALUES ('bc159762-d3b9-4a75-abf0-51f96b53c458', 'camera-038', 'კორპუსის ტიპი', 'Тип корпуса', 'Body Type', 'გარე გამოყენების');
INSERT INTO product_specs (id, productId, keyKa, keyRu, keyEn, value) VALUES ('94a6bae9-de3c-43a6-a349-357ea8275217', 'camera-038', 'ლინზა', 'Объектив', 'Lens', '4 მმ');
INSERT INTO product_specs (id, productId, keyKa, keyRu, keyEn, value) VALUES ('b40328ca-1586-4c91-a5cc-86f0608cf530', 'camera-038', 'ხედვის კუთხე', 'Угол обзора', 'View Angle', '103°');
INSERT INTO product_specs (id, productId, keyKa, keyRu, keyEn, value) VALUES ('001c4fb1-5ba7-4d7d-8139-4cc04c6cf728', 'camera-038', 'ღამის ხედვა', 'Ночное видение', 'Night Vision', 'ჭკვიანი');
INSERT INTO product_specs (id, productId, keyKa, keyRu, keyEn, value) VALUES ('d0c82ab8-0f44-4b22-93d8-188644ffd2ea', 'camera-038', 'ღამის ხედვა (მანძილი)', 'Дальность ночного видения', 'Night Vision Range', '40 მეტრი');
INSERT INTO product_specs (id, productId, keyKa, keyRu, keyEn, value) VALUES ('db94fbf4-1668-4559-a511-b98f70ed0427', 'camera-038', 'რეზოლუცია', 'Разрешение', 'Resolution', '2 მპ');
INSERT INTO product_specs (id, productId, keyKa, keyRu, keyEn, value) VALUES ('afe7fc94-42cc-41ec-bb97-b1a1f21fbd38', 'camera-038', 'Micro SD', 'Micro SD', 'Micro SD', '128 GB');
INSERT INTO product_specs (id, productId, keyKa, keyRu, keyEn, value) VALUES ('04985fb9-df06-4d49-8da8-b0b32061706b', 'camera-038', 'დაცვის კლასი', 'Класс защиты', 'Protection Class', 'IP 67');
INSERT INTO product_specs (id, productId, keyKa, keyRu, keyEn, value) VALUES ('515c6aba-81fb-4ca6-8a3e-b7ee4c12757e', 'camera-038', 'ადამიანის და ავტომობილის სილუეტის ამოცნობა', 'Распознавание людей и авто', 'Human & Vehicle Detection', 'კი');
INSERT INTO products (id, slug, category, price, originalPrice, currency, isActive, isFeatured, images, nameKa, nameRu, nameEn, descriptionKa, descriptionRu, descriptionEn, content, relatedProducts, createdAt, updatedAt) VALUES ('camera-039', 'hikvision-2-outdoor-camera-2-8-039', 'cameras', 89, NULL, 'GEL', 1, 0, '["Untitled-102_aptt-m2.jpg"]', 'IP კამერა - 2მპ, 2.8მმ, Dome, Hikvision, DS-2CD2123G2-I', 'Hikvision 2 მპ уличная камера 2.8 მმ', 'Hikvision 2 მპ outdoor Camera 2.8 მმ', NULL, NULL, NULL, 'IP კამერა - 2მპ, 2.8მმ, Dome, Hikvision, DS-2CD2123G2-I. გარე გამოყენების გამოყენება. რეზოლუცია: 2 მპ. ლინზა: 2.8 მმ.', NULL, '2026-02-17 06:55:02.867', '2026-02-17 06:55:02.867');
INSERT INTO product_specs (id, productId, keyKa, keyRu, keyEn, value) VALUES ('243d0980-ba48-4e4f-b319-43fa707e481c', 'camera-039', '101 დადგენილება', 'Регламент 101', '101 Regulation', 'კი');
INSERT INTO product_specs (id, productId, keyKa, keyRu, keyEn, value) VALUES ('5655710e-156b-4bc3-8126-030170e2b18e', 'camera-039', 'ბრენდი', 'Бренд', 'Brand', 'Hikvision');
INSERT INTO product_specs (id, productId, keyKa, keyRu, keyEn, value) VALUES ('4249a570-3b69-451b-87e9-4633bb43a0a4', 'camera-039', 'კამერის ტიპი', 'Тип камеры', 'Camera Type', 'IP');
INSERT INTO product_specs (id, productId, keyKa, keyRu, keyEn, value) VALUES ('c7beb02b-1618-4429-96be-166511aa24ef', 'camera-039', 'კორპუსის ტიპი', 'Тип корпуса', 'Body Type', 'გარე გამოყენების');
INSERT INTO product_specs (id, productId, keyKa, keyRu, keyEn, value) VALUES ('21e4e1cb-bc92-4459-9caf-751348a61d3e', 'camera-039', 'ლინზა', 'Объектив', 'Lens', '2.8 მმ');
INSERT INTO product_specs (id, productId, keyKa, keyRu, keyEn, value) VALUES ('bf22fc1e-823a-4570-9284-f698896fcc7e', 'camera-039', 'ხედვის კუთხე', 'Угол обзора', 'View Angle', '108°');
INSERT INTO product_specs (id, productId, keyKa, keyRu, keyEn, value) VALUES ('779b4046-c8cc-42ea-8904-0d8c308c08b3', 'camera-039', 'ღამის ხედვა', 'Ночное видение', 'Night Vision', 'ჭკვიანი');
INSERT INTO product_specs (id, productId, keyKa, keyRu, keyEn, value) VALUES ('25fa8ab3-3d08-462d-81e7-c364988f2b31', 'camera-039', 'ღამის ხედვა (მანძილი)', 'Дальность ночного видения', 'Night Vision Range', '40 მეტრი');
INSERT INTO product_specs (id, productId, keyKa, keyRu, keyEn, value) VALUES ('60e9f5d7-1bf1-4936-99a8-3f0209cc15ae', 'camera-039', 'რეზოლუცია', 'Разрешение', 'Resolution', '2 მპ');
INSERT INTO product_specs (id, productId, keyKa, keyRu, keyEn, value) VALUES ('193751c2-e3b6-4066-bcd5-97828a2b7f9c', 'camera-039', 'Micro SD', 'Micro SD', 'Micro SD', '128 GB');
INSERT INTO product_specs (id, productId, keyKa, keyRu, keyEn, value) VALUES ('00eb254d-8062-455c-8946-4bc4a2b1e869', 'camera-039', 'დაცვის კლასი', 'Класс защиты', 'Protection Class', 'IP 67');
INSERT INTO product_specs (id, productId, keyKa, keyRu, keyEn, value) VALUES ('76893337-9fbd-4026-946b-79ab94b5c564', 'camera-039', 'ადამიანის და ავტომობილის სილუეტის ამოცნობა', 'Распознавание людей и авто', 'Human & Vehicle Detection', 'კი');
INSERT INTO products (id, slug, category, price, originalPrice, currency, isActive, isFeatured, images, nameKa, nameRu, nameEn, descriptionKa, descriptionRu, descriptionEn, content, relatedProducts, createdAt, updatedAt) VALUES ('camera-040', 'ezviz-3-outdoor-camera-2-8', 'cameras', 79, NULL, 'GEL', 1, 0, '["Ezviz-CB3.webp"]', 'სამეთვალყურეო კამერა, Ezviz CB3', 'Ezviz 3 მპ уличная камера 2.8 მმ', 'Ezviz 3 მპ outdoor Camera 2.8 მმ', NULL, NULL, NULL, 'სამეთვალყურეო კამერა, Ezviz CB3. გარე გამოყენების გამოყენება. რეზოლუცია: 3 მპ. ლინზა: 2.8 მმ.', NULL, '2026-02-17 05:55:02.868', '2026-02-17 05:55:02.868');
INSERT INTO product_specs (id, productId, keyKa, keyRu, keyEn, value) VALUES ('c3b58494-a6ba-4434-8698-18b0cb726441', 'camera-040', 'ბრენდი', 'Бренд', 'Brand', 'Ezviz');
INSERT INTO product_specs (id, productId, keyKa, keyRu, keyEn, value) VALUES ('340f3322-e09b-4020-bae8-290fcc0e6535', 'camera-040', 'კამერის ტიპი', 'Тип камеры', 'Camera Type', 'IP');
INSERT INTO product_specs (id, productId, keyKa, keyRu, keyEn, value) VALUES ('23fbc8c7-96e8-4227-93ca-1bcd630e83c0', 'camera-040', 'კორპუსის ტიპი', 'Тип корпуса', 'Body Type', 'გარე გამოყენების');
INSERT INTO product_specs (id, productId, keyKa, keyRu, keyEn, value) VALUES ('365d3968-7dd9-49a6-bb38-31e24025847a', 'camera-040', 'ლინზა', 'Объектив', 'Lens', '2.8 მმ');
INSERT INTO product_specs (id, productId, keyKa, keyRu, keyEn, value) VALUES ('0dba63e8-3145-47ba-bd5f-06303f2fe6c3', 'camera-040', 'ხედვის კუთხე', 'Угол обзора', 'View Angle', '110°');
INSERT INTO product_specs (id, productId, keyKa, keyRu, keyEn, value) VALUES ('b2ff3e7f-ff05-48ed-bc6d-59cd836e0be3', 'camera-040', 'ღამის ხედვა', 'Ночное видение', 'Night Vision', 'ფერადი');
INSERT INTO product_specs (id, productId, keyKa, keyRu, keyEn, value) VALUES ('291e8b4f-58aa-48c0-b30d-5ed5eca034fe', 'camera-040', 'ღამის ხედვა (მანძილი)', 'Дальность ночного видения', 'Night Vision Range', '10 მეტრი');
INSERT INTO product_specs (id, productId, keyKa, keyRu, keyEn, value) VALUES ('e8b28894-56c8-483e-ba23-5014d1281ffd', 'camera-040', 'რეზოლუცია', 'Разрешение', 'Resolution', '3 მპ');
INSERT INTO product_specs (id, productId, keyKa, keyRu, keyEn, value) VALUES ('1e9e4300-e08b-4f6c-962e-17cf4e1ab920', 'camera-040', 'მიკროფონი', 'Микрофон', 'Microphone', 'კი. (ორმხრივი აუდ. კავშირი)');
INSERT INTO product_specs (id, productId, keyKa, keyRu, keyEn, value) VALUES ('34c308da-6404-4cef-9a76-cef5bddf23b8', 'camera-040', 'Micro SD', 'Micro SD', 'Micro SD', '256 GB');
INSERT INTO product_specs (id, productId, keyKa, keyRu, keyEn, value) VALUES ('8815b7af-36aa-4449-a89e-3f7608b617bc', 'camera-040', 'Wi-Fi', 'Wi-Fi', 'Wi-Fi', 'კი');
INSERT INTO product_specs (id, productId, keyKa, keyRu, keyEn, value) VALUES ('4ad27e71-a7d0-4d3c-8630-b8c8385d485d', 'camera-040', 'ადამიანის და ავტომობილის სილუეტის ამოცნობა', 'Распознавание людей и авто', 'Human & Vehicle Detection', 'კი');
INSERT INTO products (id, slug, category, price, originalPrice, currency, isActive, isFeatured, images, nameKa, nameRu, nameEn, descriptionKa, descriptionRu, descriptionEn, content, relatedProducts, createdAt, updatedAt) VALUES ('camera-041', 'hikvision-4-outdoor-camera-2-8-041', 'cameras', 129, NULL, 'GEL', 1, 0, '["Untitled-171.jpg"]', 'IP კამერა - 4მპ, VF, Bullet, Hikvision, DS-2CD2T47G2-L(2.8mm)', 'Hikvision 4 მპ уличная камера 2.8 მმ', 'Hikvision 4 მპ outdoor Camera 2.8 მმ', NULL, NULL, NULL, 'IP კამერა - 4მპ, VF, Bullet, Hikvision, DS-2CD2T47G2-L(2.8mm). გარე გამოყენების გამოყენება. რეზოლუცია: 4 მპ. ლინზა: 2.8 მმ.', NULL, '2026-02-17 04:55:02.869', '2026-02-17 04:55:02.869');
INSERT INTO product_specs (id, productId, keyKa, keyRu, keyEn, value) VALUES ('0c8bebb6-8e00-4b80-8af2-95d46be5b30c', 'camera-041', '101 დადგენილება', 'Регламент 101', '101 Regulation', 'კი');
INSERT INTO product_specs (id, productId, keyKa, keyRu, keyEn, value) VALUES ('abf93e28-e347-45c2-b811-012a604764ec', 'camera-041', 'ბრენდი', 'Бренд', 'Brand', 'Hikvision');
INSERT INTO product_specs (id, productId, keyKa, keyRu, keyEn, value) VALUES ('23295946-b7c6-4190-862d-bfea07547193', 'camera-041', 'კამერის ტიპი', 'Тип камеры', 'Camera Type', 'IP');
INSERT INTO product_specs (id, productId, keyKa, keyRu, keyEn, value) VALUES ('817647c8-0403-49ac-8f10-839cab8464db', 'camera-041', 'კორპუსის ტიპი', 'Тип корпуса', 'Body Type', 'გარე გამოყენების');
INSERT INTO product_specs (id, productId, keyKa, keyRu, keyEn, value) VALUES ('b83a852f-4891-48af-abe6-6dc0cd72e180', 'camera-041', 'ლინზა', 'Объектив', 'Lens', '2.8 მმ');
INSERT INTO product_specs (id, productId, keyKa, keyRu, keyEn, value) VALUES ('af962763-cfb3-4b49-ad81-d01feeb34b92', 'camera-041', 'ხედვის კუთხე', 'Угол обзора', 'View Angle', '106°');
INSERT INTO product_specs (id, productId, keyKa, keyRu, keyEn, value) VALUES ('28444558-d2a8-442e-98e7-6fbf1e1cfc49', 'camera-041', 'ღამის ხედვა', 'Ночное видение', 'Night Vision', 'ჭკვიანი');
INSERT INTO product_specs (id, productId, keyKa, keyRu, keyEn, value) VALUES ('04fe7444-1336-4e36-9a5c-c0ee6baa3439', 'camera-041', 'ღამის ხედვა (მანძილი)', 'Дальность ночного видения', 'Night Vision Range', '60 მეტრი');
INSERT INTO product_specs (id, productId, keyKa, keyRu, keyEn, value) VALUES ('d5493aac-24b6-4d22-82ae-e6da9cc84627', 'camera-041', 'რეზოლუცია', 'Разрешение', 'Resolution', '4 მპ');
INSERT INTO product_specs (id, productId, keyKa, keyRu, keyEn, value) VALUES ('afd9d28e-39e5-4eac-8abc-6c24ab92500d', 'camera-041', 'მიკროფონი', 'Микрофон', 'Microphone', 'კი');
INSERT INTO product_specs (id, productId, keyKa, keyRu, keyEn, value) VALUES ('f85b6261-df53-4612-893c-5289daef8ba4', 'camera-041', 'Micro SD', 'Micro SD', 'Micro SD', '256 GB');
INSERT INTO product_specs (id, productId, keyKa, keyRu, keyEn, value) VALUES ('c9207152-5968-4ac2-a1bb-bea566bf0e64', 'camera-041', 'დაცვის კლასი', 'Класс защиты', 'Protection Class', 'IP 67');
INSERT INTO product_specs (id, productId, keyKa, keyRu, keyEn, value) VALUES ('d4fb5b05-1c23-4555-90b7-f71b5d38aa4a', 'camera-041', 'ადამიანის და ავტომობილის სილუეტის ამოცნობა', 'Распознавание людей и авто', 'Human & Vehicle Detection', 'კი');
INSERT INTO products (id, slug, category, price, originalPrice, currency, isActive, isFeatured, images, nameKa, nameRu, nameEn, descriptionKa, descriptionRu, descriptionEn, content, relatedProducts, createdAt, updatedAt) VALUES ('camera-042', 'hikvision-2-outdoor-camera-2-8-042', 'cameras', 99, NULL, 'GEL', 1, 0, '["Untitled-115_7zoa-e7.jpg"]', 'სამეთვალყურეო კამერა, IP, 2.8mm, 2mp, Hikvision, DS-2CD2T23G0-I5', 'Hikvision 2 მპ уличная камера 2.8 მმ', 'Hikvision 2 მპ outdoor Camera 2.8 მმ', NULL, NULL, NULL, 'სამეთვალყურეო კამერა, IP, 2.8mm, 2mp, Hikvision, DS-2CD2T23G0-I5. გარე გამოყენების გამოყენება. რეზოლუცია: 2 მპ. ლინზა: 2.8 მმ.', NULL, '2026-02-17 03:55:02.869', '2026-02-17 03:55:02.869');
INSERT INTO product_specs (id, productId, keyKa, keyRu, keyEn, value) VALUES ('792d51e3-a502-40f8-8341-93d78190a3b8', 'camera-042', 'ბრენდი', 'Бренд', 'Brand', 'Hikvision');
INSERT INTO product_specs (id, productId, keyKa, keyRu, keyEn, value) VALUES ('9f75d2ad-90f0-4efa-ae06-a50d650b53cf', 'camera-042', 'კამერის ტიპი', 'Тип камеры', 'Camera Type', 'IP');
INSERT INTO product_specs (id, productId, keyKa, keyRu, keyEn, value) VALUES ('d6b3ca70-e71f-4a6e-9bcf-a1429889d26a', 'camera-042', 'კორპუსის ტიპი', 'Тип корпуса', 'Body Type', 'გარე გამოყენების');
INSERT INTO product_specs (id, productId, keyKa, keyRu, keyEn, value) VALUES ('1a2c6f91-f46b-437f-8a62-a3e99f5ac53f', 'camera-042', 'ლინზა', 'Объектив', 'Lens', '2.8 მმ');
INSERT INTO product_specs (id, productId, keyKa, keyRu, keyEn, value) VALUES ('f0e58b10-6fc1-4130-9085-c458c179be92', 'camera-042', 'ხედვის კუთხე', 'Угол обзора', 'View Angle', '108°');
INSERT INTO product_specs (id, productId, keyKa, keyRu, keyEn, value) VALUES ('de9e31c8-f3ef-40c3-bed5-0c82d27facaf', 'camera-042', 'ღამის ხედვა', 'Ночное видение', 'Night Vision', 'ჭკვიანი');
INSERT INTO product_specs (id, productId, keyKa, keyRu, keyEn, value) VALUES ('6eecc1a0-0231-48a1-a5eb-6acf7686571f', 'camera-042', 'ღამის ხედვა (მანძილი)', 'Дальность ночного видения', 'Night Vision Range', '50 მეტრი');
INSERT INTO product_specs (id, productId, keyKa, keyRu, keyEn, value) VALUES ('1636293c-6ced-41f6-b71e-572fc5d08ac2', 'camera-042', 'რეზოლუცია', 'Разрешение', 'Resolution', '2 მპ');
INSERT INTO product_specs (id, productId, keyKa, keyRu, keyEn, value) VALUES ('349e5135-4ffe-4b55-a32f-c69b65e89580', 'camera-042', 'დაცვის კლასი', 'Класс защиты', 'Protection Class', 'IP 67');
INSERT INTO products (id, slug, category, price, originalPrice, currency, isActive, isFeatured, images, nameKa, nameRu, nameEn, descriptionKa, descriptionRu, descriptionEn, content, relatedProducts, createdAt, updatedAt) VALUES ('camera-043', 'hikvision-4-outdoor-camera-4-043', 'cameras', 119, NULL, 'GEL', 1, 0, '["Untitled-1_2b1f-rm.jpg"]', 'IP კამერა - 4მპ, 4მმ, Bullet, Hikvision, DS-2CD2047G2-LU/C', 'Hikvision 4 მპ уличная камера 4 მმ', 'Hikvision 4 მპ outdoor Camera 4 მმ', NULL, NULL, NULL, 'IP კამერა - 4მპ, 4მმ, Bullet, Hikvision, DS-2CD2047G2-LU/C. გარე გამოყენების გამოყენება. რეზოლუცია: 4 მპ. ლინზა: 4 მმ.', NULL, '2026-02-17 02:55:02.870', '2026-02-17 02:55:02.870');
INSERT INTO product_specs (id, productId, keyKa, keyRu, keyEn, value) VALUES ('c5f6a722-c798-4c1d-8445-f8abe084289b', 'camera-043', '101 დადგენილება', 'Регламент 101', '101 Regulation', 'კი');
INSERT INTO product_specs (id, productId, keyKa, keyRu, keyEn, value) VALUES ('997ef43a-541b-4e40-97c2-f051153c2d6a', 'camera-043', 'ბრენდი', 'Бренд', 'Brand', 'Hikvision');
INSERT INTO product_specs (id, productId, keyKa, keyRu, keyEn, value) VALUES ('a0804708-f29c-4951-98c8-113491c4f42e', 'camera-043', 'კამერის ტიპი', 'Тип камеры', 'Camera Type', 'IP');
INSERT INTO product_specs (id, productId, keyKa, keyRu, keyEn, value) VALUES ('a40d13d3-c6f1-42cd-81e5-a78f2e6ed133', 'camera-043', 'კორპუსის ტიპი', 'Тип корпуса', 'Body Type', 'გარე გამოყენების');
INSERT INTO product_specs (id, productId, keyKa, keyRu, keyEn, value) VALUES ('a2673fc1-002a-4877-befb-7f3b45ceb88e', 'camera-043', 'ლინზა', 'Объектив', 'Lens', '4 მმ');
INSERT INTO product_specs (id, productId, keyKa, keyRu, keyEn, value) VALUES ('bc31ead3-1a73-4167-a9e6-16a565f4908e', 'camera-043', 'ხედვის კუთხე', 'Угол обзора', 'View Angle', '84°');
INSERT INTO product_specs (id, productId, keyKa, keyRu, keyEn, value) VALUES ('6bfba4ea-21dc-447d-8f63-4be8ee57c0fb', 'camera-043', 'ღამის ხედვა', 'Ночное видение', 'Night Vision', 'ფერადი');
INSERT INTO product_specs (id, productId, keyKa, keyRu, keyEn, value) VALUES ('14ea4dbf-9890-4102-81df-72e7db5e4522', 'camera-043', 'ღამის ხედვა (მანძილი)', 'Дальность ночного видения', 'Night Vision Range', '40 მეტრი');
INSERT INTO product_specs (id, productId, keyKa, keyRu, keyEn, value) VALUES ('7c5bdf49-12c0-4864-bd16-8191270e4d3a', 'camera-043', 'რეზოლუცია', 'Разрешение', 'Resolution', '4 მპ');
INSERT INTO product_specs (id, productId, keyKa, keyRu, keyEn, value) VALUES ('5f37225c-ae08-4ccf-abc1-b34955280cef', 'camera-043', 'მიკროფონი', 'Микрофон', 'Microphone', 'კი');
INSERT INTO product_specs (id, productId, keyKa, keyRu, keyEn, value) VALUES ('16e12933-25dc-4652-b164-791fba04458e', 'camera-043', 'Micro SD', 'Micro SD', 'Micro SD', '256 GB');
INSERT INTO product_specs (id, productId, keyKa, keyRu, keyEn, value) VALUES ('a090327c-1f85-4a4a-9a4c-99076139aed1', 'camera-043', 'დაცვის კლასი', 'Класс защиты', 'Protection Class', 'IP 67');
INSERT INTO product_specs (id, productId, keyKa, keyRu, keyEn, value) VALUES ('3f8dac91-f42b-4fc5-9210-d1a940daa30f', 'camera-043', 'ადამიანის და ავტომობილის სილუეტის ამოცნობა', 'Распознавание людей и авто', 'Human & Vehicle Detection', 'კი');
INSERT INTO products (id, slug, category, price, originalPrice, currency, isActive, isFeatured, images, nameKa, nameRu, nameEn, descriptionKa, descriptionRu, descriptionEn, content, relatedProducts, createdAt, updatedAt) VALUES ('camera-044', 'dahua-4-outdoor-camera-2-8', 'cameras', 119, NULL, 'GEL', 1, 0, '["Untitled-804.png"]', 'Dahua IP კამერა 4MP Full-color Fixed-focal Bullet', 'Dahua 4 მპ уличная камера 2.8 მმ', 'Dahua 4 მპ outdoor Camera 2.8 მმ', NULL, NULL, NULL, 'Dahua IP კამერა 4MP Full-color Fixed-focal Bullet. გარე გამოყენების გამოყენება. რეზოლუცია: 4 მპ. ლინზა: 2.8 მმ.', NULL, '2026-02-17 01:55:02.870', '2026-02-17 01:55:02.870');
INSERT INTO product_specs (id, productId, keyKa, keyRu, keyEn, value) VALUES ('ed09911e-ffee-4758-a613-5d7df6c284e6', 'camera-044', 'ბრენდი', 'Бренд', 'Brand', 'Dahua');
INSERT INTO product_specs (id, productId, keyKa, keyRu, keyEn, value) VALUES ('bdc98343-d92a-440c-a17d-52f709333457', 'camera-044', 'კამერის ტიპი', 'Тип камеры', 'Camera Type', 'IP');
INSERT INTO product_specs (id, productId, keyKa, keyRu, keyEn, value) VALUES ('b376a10e-7f71-493c-918e-c618522d227c', 'camera-044', 'კორპუსის ტიპი', 'Тип корпуса', 'Body Type', 'გარე გამოყენების');
INSERT INTO product_specs (id, productId, keyKa, keyRu, keyEn, value) VALUES ('d13da12b-0fa3-4960-a47f-6feea78e0d1f', 'camera-044', 'ლინზა', 'Объектив', 'Lens', '2.8 მმ');
INSERT INTO product_specs (id, productId, keyKa, keyRu, keyEn, value) VALUES ('5213aef1-9bdd-43ae-bc52-8254623149ba', 'camera-044', 'ხედვის კუთხე', 'Угол обзора', 'View Angle', '107°');
INSERT INTO product_specs (id, productId, keyKa, keyRu, keyEn, value) VALUES ('71e2a4cf-a958-49b8-a430-d4da9c7b6e02', 'camera-044', 'ღამის ხედვა', 'Ночное видение', 'Night Vision', 'ფერადი');
INSERT INTO product_specs (id, productId, keyKa, keyRu, keyEn, value) VALUES ('12cf41e6-e862-426a-ac35-c7748e29923f', 'camera-044', 'ღამის ხედვა (მანძილი)', 'Дальность ночного видения', 'Night Vision Range', '30 მეტრი');
INSERT INTO product_specs (id, productId, keyKa, keyRu, keyEn, value) VALUES ('8e16200d-2bc1-42f3-9b31-033071c19143', 'camera-044', 'რეზოლუცია', 'Разрешение', 'Resolution', '4 მპ');
INSERT INTO product_specs (id, productId, keyKa, keyRu, keyEn, value) VALUES ('886bc8be-9241-4701-8bd1-eff842e01583', 'camera-044', 'მიკროფონი', 'Микрофон', 'Microphone', 'კი');
INSERT INTO product_specs (id, productId, keyKa, keyRu, keyEn, value) VALUES ('611885ce-8490-4602-b482-5e7c13db1a16', 'camera-044', 'Micro SD', 'Micro SD', 'Micro SD', '256 GB');
INSERT INTO product_specs (id, productId, keyKa, keyRu, keyEn, value) VALUES ('583efd48-9f59-43dd-8f87-b3530d27dac6', 'camera-044', 'დაცვის კლასი', 'Класс защиты', 'Protection Class', 'IP 67');
INSERT INTO product_specs (id, productId, keyKa, keyRu, keyEn, value) VALUES ('7e77f742-5dc4-4616-b101-9d5b92a171a7', 'camera-044', 'ადამიანის და ავტომობილის სილუეტის ამოცნობა', 'Распознавание людей и авто', 'Human & Vehicle Detection', 'კი');
INSERT INTO products (id, slug, category, price, originalPrice, currency, isActive, isFeatured, images, nameKa, nameRu, nameEn, descriptionKa, descriptionRu, descriptionEn, content, relatedProducts, createdAt, updatedAt) VALUES ('camera-045', 'dahua-4-outdoor-camera-2-8-045', 'cameras', 119, NULL, 'GEL', 1, 0, '["Untitled-796.png"]', 'Dahua IP კამერა 4MP IR Fixed-focal Bullet', 'Dahua 4 მპ уличная камера 2.8 მმ', 'Dahua 4 მპ outdoor Camera 2.8 მმ', NULL, NULL, NULL, 'Dahua IP კამერა 4MP IR Fixed-focal Bullet. გარე გამოყენების გამოყენება. რეზოლუცია: 4 მპ. ლინზა: 2.8 მმ.', NULL, '2026-02-17 00:55:02.871', '2026-02-17 00:55:02.871');
INSERT INTO product_specs (id, productId, keyKa, keyRu, keyEn, value) VALUES ('9f05bc4e-3257-4876-b8f8-23f057236f24', 'camera-045', 'ბრენდი', 'Бренд', 'Brand', 'Dahua');
INSERT INTO product_specs (id, productId, keyKa, keyRu, keyEn, value) VALUES ('e62cb725-50be-4096-8984-b13f0fac8097', 'camera-045', 'კამერის ტიპი', 'Тип камеры', 'Camera Type', 'IP');
INSERT INTO product_specs (id, productId, keyKa, keyRu, keyEn, value) VALUES ('a3e41766-776f-4317-b1b0-d51d1e09219d', 'camera-045', 'კორპუსის ტიპი', 'Тип корпуса', 'Body Type', 'გარე გამოყენების');
INSERT INTO product_specs (id, productId, keyKa, keyRu, keyEn, value) VALUES ('9ed57a30-13ad-43d9-8f92-fa28a04613c2', 'camera-045', 'ლინზა', 'Объектив', 'Lens', '2.8 მმ');
INSERT INTO product_specs (id, productId, keyKa, keyRu, keyEn, value) VALUES ('467ea5a1-7074-45a4-8aff-b3b90d6e1667', 'camera-045', 'ხედვის კუთხე', 'Угол обзора', 'View Angle', '107°');
INSERT INTO product_specs (id, productId, keyKa, keyRu, keyEn, value) VALUES ('825dc327-7796-4adf-a627-47dcf9aedece', 'camera-045', 'ღამის ხედვა', 'Ночное видение', 'Night Vision', 'ჭკვიანი');
INSERT INTO product_specs (id, productId, keyKa, keyRu, keyEn, value) VALUES ('ad6a4829-678a-45da-b85f-7337fd9835af', 'camera-045', 'ღამის ხედვა (მანძილი)', 'Дальность ночного видения', 'Night Vision Range', '30 მეტრი');
INSERT INTO product_specs (id, productId, keyKa, keyRu, keyEn, value) VALUES ('6bc75d83-4536-48e0-9a9e-16c1c8c9a9e2', 'camera-045', 'რეზოლუცია', 'Разрешение', 'Resolution', '4 მპ');
INSERT INTO product_specs (id, productId, keyKa, keyRu, keyEn, value) VALUES ('87e14311-b9b0-4940-9271-0a8d177e1b98', 'camera-045', 'Micro SD', 'Micro SD', 'Micro SD', '256 GB');
INSERT INTO product_specs (id, productId, keyKa, keyRu, keyEn, value) VALUES ('5f597e88-bcb0-4ee4-8b66-fa8d7e9993f7', 'camera-045', 'დაცვის კლასი', 'Класс защиты', 'Protection Class', 'IP 67');
INSERT INTO product_specs (id, productId, keyKa, keyRu, keyEn, value) VALUES ('f73cbba1-40c1-4583-8e65-d04664655f06', 'camera-045', 'ადამიანის და ავტომობილის სილუეტის ამოცნობა', 'Распознавание людей и авто', 'Human & Vehicle Detection', 'კი');
INSERT INTO products (id, slug, category, price, originalPrice, currency, isActive, isFeatured, images, nameKa, nameRu, nameEn, descriptionKa, descriptionRu, descriptionEn, content, relatedProducts, createdAt, updatedAt) VALUES ('camera-046', 'dahua-8-outdoor-camera-2-8', 'cameras', 189, NULL, 'GEL', 1, 0, '["Untitled-821.png"]', 'Dahua IP კამერა 8MP IR Fixed-focal Bullet', 'Dahua 8 მპ уличная камера 2.8 მმ', 'Dahua 8 მპ outdoor Camera 2.8 მმ', NULL, NULL, NULL, 'Dahua IP კამერა 8MP IR Fixed-focal Bullet. გარე გამოყენების გამოყენება. რეზოლუცია: 8 მპ. ლინზა: 2.8 მმ.', NULL, '2026-02-16 23:55:02.872', '2026-02-16 23:55:02.872');
INSERT INTO product_specs (id, productId, keyKa, keyRu, keyEn, value) VALUES ('74e744e3-afcb-40c9-8fb4-2f1a360b5e97', 'camera-046', 'ბრენდი', 'Бренд', 'Brand', 'Dahua');
INSERT INTO product_specs (id, productId, keyKa, keyRu, keyEn, value) VALUES ('7ab859d5-62a3-4f0a-874f-30b91c7531c7', 'camera-046', 'კამერის ტიპი', 'Тип камеры', 'Camera Type', 'IP');
INSERT INTO product_specs (id, productId, keyKa, keyRu, keyEn, value) VALUES ('ae082e60-690b-401a-adaf-ebc27c9f77a1', 'camera-046', 'კორპუსის ტიპი', 'Тип корпуса', 'Body Type', 'გარე გამოყენების');
INSERT INTO product_specs (id, productId, keyKa, keyRu, keyEn, value) VALUES ('fe21e614-4855-45b0-a4bf-49fe9a53ecc6', 'camera-046', 'ლინზა', 'Объектив', 'Lens', '2.8 მმ');
INSERT INTO product_specs (id, productId, keyKa, keyRu, keyEn, value) VALUES ('f0da0808-4ceb-4666-81d6-a67bbdecc58d', 'camera-046', 'ხედვის კუთხე', 'Угол обзора', 'View Angle', '107°');
INSERT INTO product_specs (id, productId, keyKa, keyRu, keyEn, value) VALUES ('e6b4c977-194a-44d4-a75e-1444ba2d007a', 'camera-046', 'ღამის ხედვა', 'Ночное видение', 'Night Vision', 'ჭკვიანი');
INSERT INTO product_specs (id, productId, keyKa, keyRu, keyEn, value) VALUES ('0f229ea5-4f24-45ff-b263-b6d6b6ddbaf7', 'camera-046', 'ღამის ხედვა (მანძილი)', 'Дальность ночного видения', 'Night Vision Range', '60 მეტრი');
INSERT INTO product_specs (id, productId, keyKa, keyRu, keyEn, value) VALUES ('b8adfa2b-646b-49ef-baec-ad0ceed1e96c', 'camera-046', 'რეზოლუცია', 'Разрешение', 'Resolution', '8 მპ');
INSERT INTO product_specs (id, productId, keyKa, keyRu, keyEn, value) VALUES ('3642e8d9-39d3-4659-a715-ccf9c9e727ad', 'camera-046', 'Micro SD', 'Micro SD', 'Micro SD', '256 GB');
INSERT INTO product_specs (id, productId, keyKa, keyRu, keyEn, value) VALUES ('b04d8623-69d4-4e16-8170-3a35e3c7c026', 'camera-046', 'დაცვის კლასი', 'Класс защиты', 'Protection Class', 'IP 67');
INSERT INTO product_specs (id, productId, keyKa, keyRu, keyEn, value) VALUES ('712f2d44-7a38-4bde-b535-408f235c3669', 'camera-046', 'ადამიანის და ავტომობილის სილუეტის ამოცნობა', 'Распознавание людей и авто', 'Human & Vehicle Detection', 'კი');
INSERT INTO products (id, slug, category, price, originalPrice, currency, isActive, isFeatured, images, nameKa, nameRu, nameEn, descriptionKa, descriptionRu, descriptionEn, content, relatedProducts, createdAt, updatedAt) VALUES ('camera-047', 'dahua-4-indoor-camera-2-8', 'cameras', 119, NULL, 'GEL', 1, 0, '["Untitled-793.png"]', 'Dahua IP კამერა 4MP IR Fixed-focal Dome', 'Dahua 4 მპ внутренняя камера 2.8 მმ', 'Dahua 4 მპ indoor Camera 2.8 მმ', NULL, NULL, NULL, 'Dahua IP კამერა 4MP IR Fixed-focal Dome. შიდა გამოყენების გამოყენება. რეზოლუცია: 4 მპ. ლინზა: 2.8 მმ.', NULL, '2026-02-16 22:55:02.872', '2026-02-16 22:55:02.872');
INSERT INTO product_specs (id, productId, keyKa, keyRu, keyEn, value) VALUES ('41c4919e-52ef-48d7-85d6-d4a09c2cb738', 'camera-047', 'ბრენდი', 'Бренд', 'Brand', 'Dahua');
INSERT INTO product_specs (id, productId, keyKa, keyRu, keyEn, value) VALUES ('23c094f6-3b6d-48d3-a1b9-cc2b108cddcd', 'camera-047', 'კამერის ტიპი', 'Тип камеры', 'Camera Type', 'IP');
INSERT INTO product_specs (id, productId, keyKa, keyRu, keyEn, value) VALUES ('b24a675b-1a2f-43d7-95ce-07192f2c74be', 'camera-047', 'კორპუსის ტიპი', 'Тип корпуса', 'Body Type', 'შიდა გამოყენების');
INSERT INTO product_specs (id, productId, keyKa, keyRu, keyEn, value) VALUES ('84b47be6-0338-4960-a71a-50c5a9e4f701', 'camera-047', 'ლინზა', 'Объектив', 'Lens', '2.8 მმ');
INSERT INTO product_specs (id, productId, keyKa, keyRu, keyEn, value) VALUES ('c74be13b-dce3-4172-8e1c-6122d822065a', 'camera-047', 'ხედვის კუთხე', 'Угол обзора', 'View Angle', '107°');
INSERT INTO product_specs (id, productId, keyKa, keyRu, keyEn, value) VALUES ('f4c54c80-af3b-47e4-9759-4a7b1173cdc4', 'camera-047', 'ღამის ხედვა', 'Ночное видение', 'Night Vision', 'ჭკვიანი');
INSERT INTO product_specs (id, productId, keyKa, keyRu, keyEn, value) VALUES ('e5b119cf-dd6f-44e5-83f8-4aff81f98688', 'camera-047', 'ღამის ხედვა (მანძილი)', 'Дальность ночного видения', 'Night Vision Range', '30 მეტრი');
INSERT INTO product_specs (id, productId, keyKa, keyRu, keyEn, value) VALUES ('4103ddc3-ed8a-4f3f-8d3f-3613136fff9c', 'camera-047', 'რეზოლუცია', 'Разрешение', 'Resolution', '4 მპ');
INSERT INTO product_specs (id, productId, keyKa, keyRu, keyEn, value) VALUES ('3a112b7f-b944-4780-b12a-fbe6ca22709f', 'camera-047', 'Micro SD', 'Micro SD', 'Micro SD', '256 GB');
INSERT INTO product_specs (id, productId, keyKa, keyRu, keyEn, value) VALUES ('788097ad-2980-4570-9178-3706d6a32b6c', 'camera-047', 'დაცვის კლასი', 'Класс защиты', 'Protection Class', 'IP 67');
INSERT INTO product_specs (id, productId, keyKa, keyRu, keyEn, value) VALUES ('35b6c33a-8796-499d-a63c-5aa78eb1d903', 'camera-047', 'ადამიანის და ავტომობილის სილუეტის ამოცნობა', 'Распознавание людей и авто', 'Human & Vehicle Detection', 'კი');
INSERT INTO products (id, slug, category, price, originalPrice, currency, isActive, isFeatured, images, nameKa, nameRu, nameEn, descriptionKa, descriptionRu, descriptionEn, content, relatedProducts, createdAt, updatedAt) VALUES ('camera-048', 'dahua-4-indoor-camera-2-8-048', 'cameras', 119, NULL, 'GEL', 1, 0, '["Untitled-826.png"]', 'Dahua IP კამერა 4MP Full-color Fixed-focal Dome', 'Dahua 4 მპ внутренняя камера 2.8 მმ', 'Dahua 4 მპ indoor Camera 2.8 მმ', NULL, NULL, NULL, 'Dahua IP კამერა 4MP Full-color Fixed-focal Dome. შიდა გამოყენების გამოყენება. რეზოლუცია: 4 მპ. ლინზა: 2.8 მმ.', NULL, '2026-02-16 21:55:02.872', '2026-02-16 21:55:02.872');
INSERT INTO product_specs (id, productId, keyKa, keyRu, keyEn, value) VALUES ('1ed79dd6-c9e4-4b3f-87f7-962f3d3646db', 'camera-048', 'ბრენდი', 'Бренд', 'Brand', 'Dahua');
INSERT INTO product_specs (id, productId, keyKa, keyRu, keyEn, value) VALUES ('e77379ce-12a1-42e2-97e5-0db5a46c3b1b', 'camera-048', 'კამერის ტიპი', 'Тип камеры', 'Camera Type', 'IP');
INSERT INTO product_specs (id, productId, keyKa, keyRu, keyEn, value) VALUES ('78cac4f3-d7a1-4a64-824b-3763d78c7dce', 'camera-048', 'კორპუსის ტიპი', 'Тип корпуса', 'Body Type', 'შიდა გამოყენების');
INSERT INTO product_specs (id, productId, keyKa, keyRu, keyEn, value) VALUES ('d89ca75e-933d-4909-8047-4c29284b8c86', 'camera-048', 'ლინზა', 'Объектив', 'Lens', '2.8 მმ');
INSERT INTO product_specs (id, productId, keyKa, keyRu, keyEn, value) VALUES ('30b3640a-951c-46ff-9a0a-678b0a606055', 'camera-048', 'ხედვის კუთხე', 'Угол обзора', 'View Angle', '107°');
INSERT INTO product_specs (id, productId, keyKa, keyRu, keyEn, value) VALUES ('3dd414ee-64c4-4fe2-a3a2-2b7ed6290d94', 'camera-048', 'ღამის ხედვა', 'Ночное видение', 'Night Vision', 'ფერადი');
INSERT INTO product_specs (id, productId, keyKa, keyRu, keyEn, value) VALUES ('2daca2a1-e987-463c-938b-96db90707a80', 'camera-048', 'ღამის ხედვა (მანძილი)', 'Дальность ночного видения', 'Night Vision Range', '30 მეტრი');
INSERT INTO product_specs (id, productId, keyKa, keyRu, keyEn, value) VALUES ('3f7b7f40-dcdb-492f-a121-054ee2495576', 'camera-048', 'რეზოლუცია', 'Разрешение', 'Resolution', '4 მპ');
INSERT INTO product_specs (id, productId, keyKa, keyRu, keyEn, value) VALUES ('1448a7b9-69f6-4f01-8c54-f86596c4676a', 'camera-048', 'მიკროფონი', 'Микрофон', 'Microphone', 'კი');
INSERT INTO product_specs (id, productId, keyKa, keyRu, keyEn, value) VALUES ('0f9253a1-11c8-4d66-8343-3d2912fce214', 'camera-048', 'Micro SD', 'Micro SD', 'Micro SD', '256 GB');
INSERT INTO product_specs (id, productId, keyKa, keyRu, keyEn, value) VALUES ('5496f83b-b3a4-46ad-84b1-546833023f0b', 'camera-048', 'დაცვის კლასი', 'Класс защиты', 'Protection Class', 'IP 67');
INSERT INTO product_specs (id, productId, keyKa, keyRu, keyEn, value) VALUES ('47b19509-706d-4771-8432-42269b150394', 'camera-048', 'ადამიანის და ავტომობილის სილუეტის ამოცნობა', 'Распознавание людей и авто', 'Human & Vehicle Detection', 'კი');
INSERT INTO products (id, slug, category, price, originalPrice, currency, isActive, isFeatured, images, nameKa, nameRu, nameEn, descriptionKa, descriptionRu, descriptionEn, content, relatedProducts, createdAt, updatedAt) VALUES ('camera-049', 'dahua-8-outdoor-camera-2-7-13-5', 'cameras', 189, NULL, 'GEL', 1, 0, '["Untitled-781_1.png"]', 'Dahua IP კამერა 8MP Vari-focal Bullet', 'Dahua 8 მპ уличная камера 2.7 - 13.5 მმ', 'Dahua 8 მპ outdoor Camera 2.7 - 13.5 მმ', NULL, NULL, NULL, 'Dahua IP კამერა 8MP Vari-focal Bullet. გარე გამოყენების გამოყენება. რეზოლუცია: 8 მპ. ლინზა: 2.7 - 13.5 მმ.', NULL, '2026-02-16 20:55:02.873', '2026-02-16 20:55:02.873');
INSERT INTO product_specs (id, productId, keyKa, keyRu, keyEn, value) VALUES ('3580edea-1f23-456e-924d-81384ee8ec26', 'camera-049', 'ბრენდი', 'Бренд', 'Brand', 'Dahua');
INSERT INTO product_specs (id, productId, keyKa, keyRu, keyEn, value) VALUES ('4e75e682-c9b1-4ace-8c5b-fbff161a4994', 'camera-049', 'კამერის ტიპი', 'Тип камеры', 'Camera Type', 'IP');
INSERT INTO product_specs (id, productId, keyKa, keyRu, keyEn, value) VALUES ('c92b1eb1-7f9a-4c5e-bc4b-0f3b77daca02', 'camera-049', 'კორპუსის ტიპი', 'Тип корпуса', 'Body Type', 'გარე გამოყენების');
INSERT INTO product_specs (id, productId, keyKa, keyRu, keyEn, value) VALUES ('443e47a5-bbb9-4554-b7a3-317a567d7223', 'camera-049', 'ლინზა', 'Объектив', 'Lens', '2.7 - 13.5 მმ');
INSERT INTO product_specs (id, productId, keyKa, keyRu, keyEn, value) VALUES ('7bd890d7-a0fa-495f-9de8-51bd41ea0db8', 'camera-049', 'ხედვის კუთხე', 'Угол обзора', 'View Angle', '97° to 31°');
INSERT INTO product_specs (id, productId, keyKa, keyRu, keyEn, value) VALUES ('30e557c0-8fea-4697-bc9b-c88ee3a51d4a', 'camera-049', 'ღამის ხედვა', 'Ночное видение', 'Night Vision', 'ჭკვიანი');
INSERT INTO product_specs (id, productId, keyKa, keyRu, keyEn, value) VALUES ('f41f44fb-4ca1-4c65-8434-4a63eeaabf85', 'camera-049', 'ღამის ხედვა (მანძილი)', 'Дальность ночного видения', 'Night Vision Range', '60 მეტრი');
INSERT INTO product_specs (id, productId, keyKa, keyRu, keyEn, value) VALUES ('6d09bc15-1db7-40ca-a659-1b7310eaf9d8', 'camera-049', 'რეზოლუცია', 'Разрешение', 'Resolution', '8 მპ');
INSERT INTO product_specs (id, productId, keyKa, keyRu, keyEn, value) VALUES ('63436f75-1493-40f5-879f-9ae9694bed5c', 'camera-049', 'Micro SD', 'Micro SD', 'Micro SD', '256 GB');
INSERT INTO product_specs (id, productId, keyKa, keyRu, keyEn, value) VALUES ('9d3156e3-ff48-4e91-939e-a71c3ac5c667', 'camera-049', 'დაცვის კლასი', 'Класс защиты', 'Protection Class', 'IP 67');
INSERT INTO product_specs (id, productId, keyKa, keyRu, keyEn, value) VALUES ('4659520e-1bf8-48df-9e47-156fea96ec27', 'camera-049', 'ადამიანის და ავტომობილის სილუეტის ამოცნობა', 'Распознавание людей и авто', 'Human & Vehicle Detection', 'კი');
INSERT INTO products (id, slug, category, price, originalPrice, currency, isActive, isFeatured, images, nameKa, nameRu, nameEn, descriptionKa, descriptionRu, descriptionEn, content, relatedProducts, createdAt, updatedAt) VALUES ('camera-050', 'dahua-2-outdoor-camera-2-8', 'cameras', 79, NULL, 'GEL', 1, 0, '["Untitled-780.png"]', 'Dahua IP კამერა 2MP IR Fixed-focal Bullet', 'Dahua 2 მპ уличная камера 2.8 მმ', 'Dahua 2 მპ outdoor Camera 2.8 მმ', NULL, NULL, NULL, 'Dahua IP კამერა 2MP IR Fixed-focal Bullet. გარე გამოყენების გამოყენება. რეზოლუცია: 2 მპ. ლინზა: 2.8 მმ.', NULL, '2026-02-16 19:55:02.874', '2026-02-16 19:55:02.874');
INSERT INTO product_specs (id, productId, keyKa, keyRu, keyEn, value) VALUES ('a61ba31f-1955-43ac-8b47-aca0ef1a3458', 'camera-050', 'ბრენდი', 'Бренд', 'Brand', 'Dahua');
INSERT INTO product_specs (id, productId, keyKa, keyRu, keyEn, value) VALUES ('95c753d8-f863-4411-8e18-102c79fd9dfc', 'camera-050', 'კამერის ტიპი', 'Тип камеры', 'Camera Type', 'IP');
INSERT INTO product_specs (id, productId, keyKa, keyRu, keyEn, value) VALUES ('283aea05-0d3f-44a5-9e04-3d98fe5f1083', 'camera-050', 'კორპუსის ტიპი', 'Тип корпуса', 'Body Type', 'გარე გამოყენების');
INSERT INTO product_specs (id, productId, keyKa, keyRu, keyEn, value) VALUES ('bb16ee71-320a-4991-81ed-00045000767f', 'camera-050', 'ლინზა', 'Объектив', 'Lens', '2.8 მმ');
INSERT INTO product_specs (id, productId, keyKa, keyRu, keyEn, value) VALUES ('9114a29d-0ab8-42de-b553-c50e5002e7f7', 'camera-050', 'ხედვის კუთხე', 'Угол обзора', 'View Angle', '107°');
INSERT INTO product_specs (id, productId, keyKa, keyRu, keyEn, value) VALUES ('bb3df456-ba45-4c35-afde-9edfbe524271', 'camera-050', 'ღამის ხედვა', 'Ночное видение', 'Night Vision', 'ჭკვიანი');
INSERT INTO product_specs (id, productId, keyKa, keyRu, keyEn, value) VALUES ('11b6b1ce-0864-47ac-9c42-86a42caa4e4f', 'camera-050', 'ღამის ხედვა (მანძილი)', 'Дальность ночного видения', 'Night Vision Range', '30 მეტრი');
INSERT INTO product_specs (id, productId, keyKa, keyRu, keyEn, value) VALUES ('47c587ed-f822-4d49-9795-38c65b8023b4', 'camera-050', 'რეზოლუცია', 'Разрешение', 'Resolution', '2 მპ');
INSERT INTO product_specs (id, productId, keyKa, keyRu, keyEn, value) VALUES ('9ed3c186-0d10-4327-a4e4-a9ae6a6b50dc', 'camera-050', 'Micro SD', 'Micro SD', 'Micro SD', '128 GB');
INSERT INTO product_specs (id, productId, keyKa, keyRu, keyEn, value) VALUES ('993fe33f-d787-449f-a184-14940d963660', 'camera-050', 'დაცვის კლასი', 'Класс защиты', 'Protection Class', 'IP 67');
INSERT INTO products (id, slug, category, price, originalPrice, currency, isActive, isFeatured, images, nameKa, nameRu, nameEn, descriptionKa, descriptionRu, descriptionEn, content, relatedProducts, createdAt, updatedAt) VALUES ('camera-051', 'dahua-4-outdoor-camera-2-8-051', 'cameras', 119, NULL, 'GEL', 1, 0, '["Untitled-814.png"]', 'Dahua IP კამერა 4MP Smart Dual Light Fixed-focal Bullet', 'Dahua 4 მპ уличная камера 2.8 მმ', 'Dahua 4 მპ outdoor Camera 2.8 მმ', NULL, NULL, NULL, 'Dahua IP კამერა 4MP Smart Dual Light Fixed-focal Bullet. გარე გამოყენების გამოყენება. რეზოლუცია: 4 მპ. ლინზა: 2.8 მმ.', NULL, '2026-02-16 18:55:02.874', '2026-02-16 18:55:02.874');
INSERT INTO product_specs (id, productId, keyKa, keyRu, keyEn, value) VALUES ('d01233ff-3d10-443f-961c-b95291630088', 'camera-051', 'ბრენდი', 'Бренд', 'Brand', 'Dahua');
INSERT INTO product_specs (id, productId, keyKa, keyRu, keyEn, value) VALUES ('bc18ec6e-4ed0-443e-a709-71647303d1d4', 'camera-051', 'კამერის ტიპი', 'Тип камеры', 'Camera Type', 'IP');
INSERT INTO product_specs (id, productId, keyKa, keyRu, keyEn, value) VALUES ('2f350162-3e7a-4091-95f8-0c68d9fcec00', 'camera-051', 'კორპუსის ტიპი', 'Тип корпуса', 'Body Type', 'გარე გამოყენების');
INSERT INTO product_specs (id, productId, keyKa, keyRu, keyEn, value) VALUES ('3c5665c3-563b-4d2d-a8e4-3943387d2ba9', 'camera-051', 'ლინზა', 'Объектив', 'Lens', '2.8 მმ');
INSERT INTO product_specs (id, productId, keyKa, keyRu, keyEn, value) VALUES ('4deec48e-a286-4b91-a341-991aaf9e4c3b', 'camera-051', 'ხედვის კუთხე', 'Угол обзора', 'View Angle', '107°');
INSERT INTO product_specs (id, productId, keyKa, keyRu, keyEn, value) VALUES ('923ac383-8270-4967-8049-07ad6a7592f3', 'camera-051', 'ღამის ხედვა', 'Ночное видение', 'Night Vision', 'ფერადი');
INSERT INTO product_specs (id, productId, keyKa, keyRu, keyEn, value) VALUES ('12d49a40-894c-4834-9dad-b1cf2811ca9b', 'camera-051', 'ღამის ხედვა (მანძილი)', 'Дальность ночного видения', 'Night Vision Range', '60 მეტრი');
INSERT INTO product_specs (id, productId, keyKa, keyRu, keyEn, value) VALUES ('a8ddb75e-abcb-4758-ae01-de62b1eb3374', 'camera-051', 'რეზოლუცია', 'Разрешение', 'Resolution', '4 მპ');
INSERT INTO product_specs (id, productId, keyKa, keyRu, keyEn, value) VALUES ('64b3f674-a441-46c1-964e-7119734eb205', 'camera-051', 'მიკროფონი', 'Микрофон', 'Microphone', 'კი');
INSERT INTO product_specs (id, productId, keyKa, keyRu, keyEn, value) VALUES ('d5e4e1c9-5764-4a2b-b880-1be9a791e0be', 'camera-051', 'Micro SD', 'Micro SD', 'Micro SD', '256 GB');
INSERT INTO product_specs (id, productId, keyKa, keyRu, keyEn, value) VALUES ('2f7ebc75-c017-4ea0-976b-76347a046319', 'camera-051', 'დაცვის კლასი', 'Класс защиты', 'Protection Class', 'IP 67');
INSERT INTO product_specs (id, productId, keyKa, keyRu, keyEn, value) VALUES ('1cbbda65-ae67-4417-8cb1-984c5f061433', 'camera-051', 'ადამიანის და ავტომობილის სილუეტის ამოცნობა', 'Распознавание людей и авто', 'Human & Vehicle Detection', 'კი');
INSERT INTO products (id, slug, category, price, originalPrice, currency, isActive, isFeatured, images, nameKa, nameRu, nameEn, descriptionKa, descriptionRu, descriptionEn, content, relatedProducts, createdAt, updatedAt) VALUES ('camera-052', 'dahua-8-outdoor-camera-2-8-052', 'cameras', 189, NULL, 'GEL', 1, 0, '["Untitled-811.png"]', 'Dahua IP კამერა 8MP Smart Dual Light Fixed-focal Dome', 'Dahua 8 მპ уличная камера 2.8 მმ', 'Dahua 8 მპ outdoor Camera 2.8 მმ', NULL, NULL, NULL, 'Dahua IP კამერა 8MP Smart Dual Light Fixed-focal Dome. გარე გამოყენების გამოყენება. რეზოლუცია: 8 მპ. ლინზა: 2.8 მმ.', NULL, '2026-02-16 17:55:02.875', '2026-02-16 17:55:02.875');
INSERT INTO product_specs (id, productId, keyKa, keyRu, keyEn, value) VALUES ('7e0e2b0a-5632-436b-b1a3-296670ab234b', 'camera-052', 'ბრენდი', 'Бренд', 'Brand', 'Dahua');
INSERT INTO product_specs (id, productId, keyKa, keyRu, keyEn, value) VALUES ('4a2d04f7-7f54-41cc-8c6d-83e3aa1e8dcb', 'camera-052', 'კამერის ტიპი', 'Тип камеры', 'Camera Type', 'IP');
INSERT INTO product_specs (id, productId, keyKa, keyRu, keyEn, value) VALUES ('75e597b6-6d97-4117-a834-5da9bcfad79f', 'camera-052', 'კორპუსის ტიპი', 'Тип корпуса', 'Body Type', 'გარე გამოყენების');
INSERT INTO product_specs (id, productId, keyKa, keyRu, keyEn, value) VALUES ('ebf5a296-48e2-4d83-af7c-6b1854137c72', 'camera-052', 'ლინზა', 'Объектив', 'Lens', '2.8 მმ');
INSERT INTO product_specs (id, productId, keyKa, keyRu, keyEn, value) VALUES ('ba9685ab-7124-4b30-a3b4-f7cc981dc8f6', 'camera-052', 'ხედვის კუთხე', 'Угол обзора', 'View Angle', '107°');
INSERT INTO product_specs (id, productId, keyKa, keyRu, keyEn, value) VALUES ('eee45aa4-f373-464a-87a1-81c7b116105d', 'camera-052', 'ღამის ხედვა', 'Ночное видение', 'Night Vision', 'ფერადი');
INSERT INTO product_specs (id, productId, keyKa, keyRu, keyEn, value) VALUES ('653ab1e5-b1e7-436f-8a02-08aa039ca7dd', 'camera-052', 'ღამის ხედვა (მანძილი)', 'Дальность ночного видения', 'Night Vision Range', '30 მეტრი');
INSERT INTO product_specs (id, productId, keyKa, keyRu, keyEn, value) VALUES ('b5cc87f1-9ff5-46b8-809a-2ab7657a0a31', 'camera-052', 'რეზოლუცია', 'Разрешение', 'Resolution', '8 მპ');
INSERT INTO product_specs (id, productId, keyKa, keyRu, keyEn, value) VALUES ('97ca308c-ce08-4ede-bc4c-42e0e343d1c9', 'camera-052', 'მიკროფონი', 'Микрофон', 'Microphone', 'კი');
INSERT INTO product_specs (id, productId, keyKa, keyRu, keyEn, value) VALUES ('5c8c2f8e-dd6e-4ee9-ae18-03c64aff21bc', 'camera-052', 'Micro SD', 'Micro SD', 'Micro SD', '256 GB');
INSERT INTO product_specs (id, productId, keyKa, keyRu, keyEn, value) VALUES ('211d24eb-b528-473b-a8ac-01827a570cf3', 'camera-052', 'დაცვის კლასი', 'Класс защиты', 'Protection Class', 'IP 67');
INSERT INTO product_specs (id, productId, keyKa, keyRu, keyEn, value) VALUES ('6f905a3b-7bad-487b-a113-54c6bd920c34', 'camera-052', 'ადამიანის და ავტომობილის სილუეტის ამოცნობა', 'Распознавание людей и авто', 'Human & Vehicle Detection', 'კი');
INSERT INTO products (id, slug, category, price, originalPrice, currency, isActive, isFeatured, images, nameKa, nameRu, nameEn, descriptionKa, descriptionRu, descriptionEn, content, relatedProducts, createdAt, updatedAt) VALUES ('camera-053', 'dahua-4-outdoor-camera-2-8-053', 'cameras', 109, NULL, 'GEL', 1, 0, '["Untitled-824.png"]', 'Dahua IP კამერა 4MP Smart Dual Light Fixed-focal Dome', 'Dahua 4 მპ уличная камера 2.8 მმ', 'Dahua 4 მპ outdoor Camera 2.8 მმ', NULL, NULL, NULL, 'Dahua IP კამერა 4MP Smart Dual Light Fixed-focal Dome. გარე გამოყენების გამოყენება. რეზოლუცია: 4 მპ. ლინზა: 2.8 მმ.', NULL, '2026-02-16 16:55:02.875', '2026-02-16 16:55:02.875');
INSERT INTO product_specs (id, productId, keyKa, keyRu, keyEn, value) VALUES ('cd6158de-e8dc-4502-a0bc-3b9d8c7d2034', 'camera-053', 'ბრენდი', 'Бренд', 'Brand', 'Dahua');
INSERT INTO product_specs (id, productId, keyKa, keyRu, keyEn, value) VALUES ('71b37031-2437-4d73-9ace-5ee63d708d6b', 'camera-053', 'კამერის ტიპი', 'Тип камеры', 'Camera Type', 'IP');
INSERT INTO product_specs (id, productId, keyKa, keyRu, keyEn, value) VALUES ('7c563921-9b7a-450b-b8a0-71942c7de30c', 'camera-053', 'კორპუსის ტიპი', 'Тип корпуса', 'Body Type', 'გარე გამოყენების');
INSERT INTO product_specs (id, productId, keyKa, keyRu, keyEn, value) VALUES ('82ad61cb-6072-4c26-ac5d-62003fcf2467', 'camera-053', 'ლინზა', 'Объектив', 'Lens', '2.8 მმ');
INSERT INTO product_specs (id, productId, keyKa, keyRu, keyEn, value) VALUES ('63747707-0073-47b4-ae28-160a4d6b530b', 'camera-053', 'ხედვის კუთხე', 'Угол обзора', 'View Angle', '107°');
INSERT INTO product_specs (id, productId, keyKa, keyRu, keyEn, value) VALUES ('153ab961-d13f-4994-8747-d8704aae8f99', 'camera-053', 'ღამის ხედვა', 'Ночное видение', 'Night Vision', 'ფერადი');
INSERT INTO product_specs (id, productId, keyKa, keyRu, keyEn, value) VALUES ('848977b6-23a3-4394-ae71-9bcbdc655ac7', 'camera-053', 'ღამის ხედვა (მანძილი)', 'Дальность ночного видения', 'Night Vision Range', '30 მეტრი');
INSERT INTO product_specs (id, productId, keyKa, keyRu, keyEn, value) VALUES ('b082b208-2cd4-4553-998a-4365efd6223a', 'camera-053', 'რეზოლუცია', 'Разрешение', 'Resolution', '4 მპ');
INSERT INTO product_specs (id, productId, keyKa, keyRu, keyEn, value) VALUES ('75a9ab41-7956-4c25-b617-3e56474d579a', 'camera-053', 'მიკროფონი', 'Микрофон', 'Microphone', 'კი');
INSERT INTO product_specs (id, productId, keyKa, keyRu, keyEn, value) VALUES ('d024304c-e7cd-4212-b350-bfdd24141b06', 'camera-053', 'Micro SD', 'Micro SD', 'Micro SD', '256 GB');
INSERT INTO product_specs (id, productId, keyKa, keyRu, keyEn, value) VALUES ('ae756732-2c38-475c-ba61-12bd59600cf1', 'camera-053', 'დაცვის კლასი', 'Класс защиты', 'Protection Class', 'IP 67');
INSERT INTO product_specs (id, productId, keyKa, keyRu, keyEn, value) VALUES ('15285b92-37c1-499d-8fdf-b1e4ace45a2b', 'camera-053', 'ადამიანის და ავტომობილის სილუეტის ამოცნობა', 'Распознавание людей и авто', 'Human & Vehicle Detection', 'კი');
INSERT INTO products (id, slug, category, price, originalPrice, currency, isActive, isFeatured, images, nameKa, nameRu, nameEn, descriptionKa, descriptionRu, descriptionEn, content, relatedProducts, createdAt, updatedAt) VALUES ('camera-054', 'dahua-2-indoor-camera-2-8', 'cameras', 99, NULL, 'GEL', 1, 0, '["Untitled-765.png"]', 'Dahua IP კამერა 2MP Fixed-focal Dome', 'Dahua 2 მპ внутренняя камера 2.8 მმ', 'Dahua 2 მპ indoor Camera 2.8 მმ', NULL, NULL, NULL, 'Dahua IP კამერა 2MP Fixed-focal Dome. შიდა გამოყენების გამოყენება. რეზოლუცია: 2 მპ. ლინზა: 2.8 მმ.', NULL, '2026-02-16 15:55:02.875', '2026-02-16 15:55:02.875');
INSERT INTO product_specs (id, productId, keyKa, keyRu, keyEn, value) VALUES ('7b3b7895-483f-4ba4-ac6d-577e604faa4d', 'camera-054', 'ბრენდი', 'Бренд', 'Brand', 'Dahua');
INSERT INTO product_specs (id, productId, keyKa, keyRu, keyEn, value) VALUES ('4f818916-3ccd-402c-9745-cefce354e848', 'camera-054', 'კამერის ტიპი', 'Тип камеры', 'Camera Type', 'IP');
INSERT INTO product_specs (id, productId, keyKa, keyRu, keyEn, value) VALUES ('6e212044-7c55-4f69-b5b8-9109fcf896ae', 'camera-054', 'კორპუსის ტიპი', 'Тип корпуса', 'Body Type', 'შიდა გამოყენების');
INSERT INTO product_specs (id, productId, keyKa, keyRu, keyEn, value) VALUES ('63250c75-a4e5-45b4-a71e-6862d8ea8aa1', 'camera-054', 'ლინზა', 'Объектив', 'Lens', '2.8 მმ');
INSERT INTO product_specs (id, productId, keyKa, keyRu, keyEn, value) VALUES ('450f3310-d0d2-4335-be94-d9cc615e6a25', 'camera-054', 'ხედვის კუთხე', 'Угол обзора', 'View Angle', '107°');
INSERT INTO product_specs (id, productId, keyKa, keyRu, keyEn, value) VALUES ('2a194262-f642-4afc-a1e7-4c345d23f22e', 'camera-054', 'ღამის ხედვა', 'Ночное видение', 'Night Vision', 'ჭკვიანი');
INSERT INTO product_specs (id, productId, keyKa, keyRu, keyEn, value) VALUES ('568ee360-b6a7-4bb0-918c-c4adf62e7348', 'camera-054', 'ღამის ხედვა (მანძილი)', 'Дальность ночного видения', 'Night Vision Range', '30 მეტრი');
INSERT INTO product_specs (id, productId, keyKa, keyRu, keyEn, value) VALUES ('425d5796-4ac0-4ff2-9ed5-941bb6f67a18', 'camera-054', 'რეზოლუცია', 'Разрешение', 'Resolution', '2 მპ');
INSERT INTO product_specs (id, productId, keyKa, keyRu, keyEn, value) VALUES ('492f5c3b-4cd2-4923-ba0c-7705fff8ec07', 'camera-054', 'Micro SD', 'Micro SD', 'Micro SD', '128 GB');
INSERT INTO product_specs (id, productId, keyKa, keyRu, keyEn, value) VALUES ('34592bb5-c7fa-45fb-a2c6-b248a92e083c', 'camera-054', 'დაცვის კლასი', 'Класс защиты', 'Protection Class', 'IP 67');
INSERT INTO products (id, slug, category, price, originalPrice, currency, isActive, isFeatured, images, nameKa, nameRu, nameEn, descriptionKa, descriptionRu, descriptionEn, content, relatedProducts, createdAt, updatedAt) VALUES ('camera-055', 'dahua-4-outdoor-camera-4', 'cameras', 119, NULL, 'GEL', 1, 0, '["Untitled-825.png"]', 'Dahua IP კამერა 4MP IR Fixed-focal Bullet Network', 'Dahua 4 მპ уличная камера 4 მმ', 'Dahua 4 მპ outdoor Camera 4 მმ', NULL, NULL, NULL, 'Dahua IP კამერა 4MP IR Fixed-focal Bullet Network. გარე გამოყენების გამოყენება. რეზოლუცია: 4 მპ. ლინზა: 4 მმ.', NULL, '2026-02-16 14:55:02.876', '2026-02-16 14:55:02.876');
INSERT INTO product_specs (id, productId, keyKa, keyRu, keyEn, value) VALUES ('60e1e86f-9c16-43c1-bc0f-255b9eb52c02', 'camera-055', 'ბრენდი', 'Бренд', 'Brand', 'Dahua');
INSERT INTO product_specs (id, productId, keyKa, keyRu, keyEn, value) VALUES ('b0110366-b063-4373-8dcb-da28b3750dd9', 'camera-055', 'კამერის ტიპი', 'Тип камеры', 'Camera Type', 'IP');
INSERT INTO product_specs (id, productId, keyKa, keyRu, keyEn, value) VALUES ('275bc714-6673-402a-9978-0c51e84c7227', 'camera-055', 'კორპუსის ტიპი', 'Тип корпуса', 'Body Type', 'გარე გამოყენების');
INSERT INTO product_specs (id, productId, keyKa, keyRu, keyEn, value) VALUES ('4cbdaee4-4aeb-4a98-83fc-6dd679c7e298', 'camera-055', 'ლინზა', 'Объектив', 'Lens', '4 მმ');
INSERT INTO product_specs (id, productId, keyKa, keyRu, keyEn, value) VALUES ('10283264-a3a6-4fbc-846b-2bb90481105f', 'camera-055', 'ხედვის კუთხე', 'Угол обзора', 'View Angle', '84°');
INSERT INTO product_specs (id, productId, keyKa, keyRu, keyEn, value) VALUES ('4b9d69bb-a2e4-4c5d-abf2-b336b29f88d0', 'camera-055', 'ღამის ხედვა', 'Ночное видение', 'Night Vision', 'ჭკვიანი');
INSERT INTO product_specs (id, productId, keyKa, keyRu, keyEn, value) VALUES ('3e9b031e-7f9a-442a-afbb-abfae9f8beb9', 'camera-055', 'ღამის ხედვა (მანძილი)', 'Дальность ночного видения', 'Night Vision Range', '40 მეტრი');
INSERT INTO product_specs (id, productId, keyKa, keyRu, keyEn, value) VALUES ('5beae8a4-2e7f-4476-b93c-8d6be41d1867', 'camera-055', 'რეზოლუცია', 'Разрешение', 'Resolution', '4 მპ');
INSERT INTO product_specs (id, productId, keyKa, keyRu, keyEn, value) VALUES ('6a2550d1-99db-4154-a11e-8a85a32d2cc5', 'camera-055', 'Micro SD', 'Micro SD', 'Micro SD', '256 GB');
INSERT INTO product_specs (id, productId, keyKa, keyRu, keyEn, value) VALUES ('7096d815-f77e-479d-bf8b-e4366099b014', 'camera-055', 'დაცვის კლასი', 'Класс защиты', 'Protection Class', 'IP 67');
INSERT INTO product_specs (id, productId, keyKa, keyRu, keyEn, value) VALUES ('bf319a1e-14d7-48b4-84a3-5e2a4e27afe5', 'camera-055', 'ადამიანის და ავტომობილის სილუეტის ამოცნობა', 'Распознавание людей и авто', 'Human & Vehicle Detection', 'კი');
INSERT INTO products (id, slug, category, price, originalPrice, currency, isActive, isFeatured, images, nameKa, nameRu, nameEn, descriptionKa, descriptionRu, descriptionEn, content, relatedProducts, createdAt, updatedAt) VALUES ('camera-056', 'dahua-8-indoor-camera-2-8', 'cameras', 189, NULL, 'GEL', 1, 0, '["Untitled-816.png"]', 'Dahua IP კამერა 8MP IR Fixed-focal Dome', 'Dahua 8 მპ внутренняя камера 2.8 მმ', 'Dahua 8 მპ indoor Camera 2.8 მმ', NULL, NULL, NULL, 'Dahua IP კამერა 8MP IR Fixed-focal Dome. შიდა გამოყენების გამოყენება. რეზოლუცია: 8 მპ. ლინზა: 2.8 მმ.', NULL, '2026-02-16 13:55:02.876', '2026-02-16 13:55:02.876');
INSERT INTO product_specs (id, productId, keyKa, keyRu, keyEn, value) VALUES ('656afcde-6e9e-48a5-998d-290bd156afb1', 'camera-056', 'ბრენდი', 'Бренд', 'Brand', 'Dahua');
INSERT INTO product_specs (id, productId, keyKa, keyRu, keyEn, value) VALUES ('19f0d518-0cee-4a7b-9ccb-1a132331d9a4', 'camera-056', 'კამერის ტიპი', 'Тип камеры', 'Camera Type', 'IP');
INSERT INTO product_specs (id, productId, keyKa, keyRu, keyEn, value) VALUES ('f5a3b925-bb9b-4249-9143-d19db52f5d24', 'camera-056', 'კორპუსის ტიპი', 'Тип корпуса', 'Body Type', 'შიდა გამოყენების');
INSERT INTO product_specs (id, productId, keyKa, keyRu, keyEn, value) VALUES ('6c280a24-c2ab-4f68-95a4-ec501dfc2a53', 'camera-056', 'ლინზა', 'Объектив', 'Lens', '2.8 მმ');
INSERT INTO product_specs (id, productId, keyKa, keyRu, keyEn, value) VALUES ('0eccd404-b852-47d9-bbcd-80c53adb411a', 'camera-056', 'ხედვის კუთხე', 'Угол обзора', 'View Angle', '107°');
INSERT INTO product_specs (id, productId, keyKa, keyRu, keyEn, value) VALUES ('e268160c-f226-4a60-b3b2-3c7583ee6d29', 'camera-056', 'ღამის ხედვა', 'Ночное видение', 'Night Vision', 'ჭკვიანი');
INSERT INTO product_specs (id, productId, keyKa, keyRu, keyEn, value) VALUES ('5cae5b40-afba-4e3b-a99e-ef4b521bdeef', 'camera-056', 'ღამის ხედვა (მანძილი)', 'Дальность ночного видения', 'Night Vision Range', '50 მეტრი');
INSERT INTO product_specs (id, productId, keyKa, keyRu, keyEn, value) VALUES ('96426967-aabd-4d15-8bc1-3064ab8e22b7', 'camera-056', 'რეზოლუცია', 'Разрешение', 'Resolution', '8 მპ');
INSERT INTO product_specs (id, productId, keyKa, keyRu, keyEn, value) VALUES ('3925fff9-101b-4a97-80d0-7551c3e72096', 'camera-056', 'Micro SD', 'Micro SD', 'Micro SD', '256 GB');
INSERT INTO product_specs (id, productId, keyKa, keyRu, keyEn, value) VALUES ('e8b5f78f-13b5-4080-beb3-17f63903bd2b', 'camera-056', 'დაცვის კლასი', 'Класс защиты', 'Protection Class', 'IP 67');
INSERT INTO product_specs (id, productId, keyKa, keyRu, keyEn, value) VALUES ('62585118-b911-49e4-8124-837d9f6c4de4', 'camera-056', 'ადამიანის და ავტომობილის სილუეტის ამოცნობა', 'Распознавание людей и авто', 'Human & Vehicle Detection', 'კი');
INSERT INTO products (id, slug, category, price, originalPrice, currency, isActive, isFeatured, images, nameKa, nameRu, nameEn, descriptionKa, descriptionRu, descriptionEn, content, relatedProducts, createdAt, updatedAt) VALUES ('camera-057', 'dahua-2-outdoor-camera-3-6', 'cameras', 89, NULL, 'GEL', 1, 0, '["Untitled-766.png"]', 'Dahua IP კამერა 2MP Fixed-focal Mini Bullet', 'Dahua 2 მპ уличная камера 3.6 მმ', 'Dahua 2 მპ outdoor Camera 3.6 მმ', NULL, NULL, NULL, 'Dahua IP კამერა 2MP Fixed-focal Mini Bullet. გარე გამოყენების გამოყენება. რეზოლუცია: 2 მპ. ლინზა: 3.6 მმ.', NULL, '2026-02-16 12:55:02.877', '2026-02-16 12:55:02.877');
INSERT INTO product_specs (id, productId, keyKa, keyRu, keyEn, value) VALUES ('d5f03ab1-c3fc-488d-85a1-3c005b0fe2b7', 'camera-057', 'ბრენდი', 'Бренд', 'Brand', 'Dahua');
INSERT INTO product_specs (id, productId, keyKa, keyRu, keyEn, value) VALUES ('a14664c8-4a89-4736-9a25-80b81d562419', 'camera-057', 'კამერის ტიპი', 'Тип камеры', 'Camera Type', 'IP');
INSERT INTO product_specs (id, productId, keyKa, keyRu, keyEn, value) VALUES ('77d53df3-b4b5-4114-b0ef-5fb9def9f2ef', 'camera-057', 'კორპუსის ტიპი', 'Тип корпуса', 'Body Type', 'გარე გამოყენების');
INSERT INTO product_specs (id, productId, keyKa, keyRu, keyEn, value) VALUES ('cfa8e407-eb26-4667-bffb-876567bada0e', 'camera-057', 'ლინზა', 'Объектив', 'Lens', '3.6 მმ');
INSERT INTO product_specs (id, productId, keyKa, keyRu, keyEn, value) VALUES ('65cbdf35-7f4f-4e0b-8b32-708ef82b57d1', 'camera-057', 'ხედვის კუთხე', 'Угол обзора', 'View Angle', '80°');
INSERT INTO product_specs (id, productId, keyKa, keyRu, keyEn, value) VALUES ('b0ae2ba8-9d5c-49d6-a152-412b43b71d2c', 'camera-057', 'ღამის ხედვა', 'Ночное видение', 'Night Vision', 'ჭკვიანი');
INSERT INTO product_specs (id, productId, keyKa, keyRu, keyEn, value) VALUES ('002cf8fb-6ee8-4afc-825d-1dafdcfcc489', 'camera-057', 'ღამის ხედვა (მანძილი)', 'Дальность ночного видения', 'Night Vision Range', '30 მეტრი');
INSERT INTO product_specs (id, productId, keyKa, keyRu, keyEn, value) VALUES ('b661b665-a873-4253-9d37-8ab1780186e5', 'camera-057', 'რეზოლუცია', 'Разрешение', 'Resolution', '2 მპ');
INSERT INTO product_specs (id, productId, keyKa, keyRu, keyEn, value) VALUES ('73cd1fb3-d9d5-4030-add2-5cb6eb3e87a5', 'camera-057', 'დაცვის კლასი', 'Класс защиты', 'Protection Class', 'IP 67');
INSERT INTO products (id, slug, category, price, originalPrice, currency, isActive, isFeatured, images, nameKa, nameRu, nameEn, descriptionKa, descriptionRu, descriptionEn, content, relatedProducts, createdAt, updatedAt) VALUES ('camera-058', 'dahua-5-indoor-camera-2-8', 'cameras', 149, NULL, 'GEL', 1, 0, '["Untitled-794.png"]', 'Dahua IP კამერა 5MP Full-color Fixed-focal Eyeball', 'Dahua 5 მპ внутренняя камера 2.8 მმ', 'Dahua 5 მპ indoor Camera 2.8 მმ', NULL, NULL, NULL, 'Dahua IP კამერა 5MP Full-color Fixed-focal Eyeball. შიდა გამოყენების გამოყენება. რეზოლუცია: 5 მპ. ლინზა: 2.8 მმ.', NULL, '2026-02-16 11:55:02.877', '2026-02-16 11:55:02.877');
INSERT INTO product_specs (id, productId, keyKa, keyRu, keyEn, value) VALUES ('03df3fdf-2ad7-4ed7-9206-8d285b8f7ec5', 'camera-058', 'ბრენდი', 'Бренд', 'Brand', 'Dahua');
INSERT INTO product_specs (id, productId, keyKa, keyRu, keyEn, value) VALUES ('8955b523-5597-49e2-b8a8-6d93fd4f9976', 'camera-058', 'კამერის ტიპი', 'Тип камеры', 'Camera Type', 'IP');
INSERT INTO product_specs (id, productId, keyKa, keyRu, keyEn, value) VALUES ('07cd517b-29ce-4736-aa2d-eceac3badd61', 'camera-058', 'კორპუსის ტიპი', 'Тип корпуса', 'Body Type', 'შიდა გამოყენების');
INSERT INTO product_specs (id, productId, keyKa, keyRu, keyEn, value) VALUES ('e3ecd607-03a9-44e4-bf64-cb6878ea2e5c', 'camera-058', 'ლინზა', 'Объектив', 'Lens', '2.8 მმ');
INSERT INTO product_specs (id, productId, keyKa, keyRu, keyEn, value) VALUES ('b4717620-f668-4bbb-961d-31339cc72def', 'camera-058', 'ხედვის კუთხე', 'Угол обзора', 'View Angle', '107°');
INSERT INTO product_specs (id, productId, keyKa, keyRu, keyEn, value) VALUES ('4ae5bec3-ed19-4f63-9cad-95b4baa49545', 'camera-058', 'ღამის ხედვა', 'Ночное видение', 'Night Vision', 'ფერადი');
INSERT INTO product_specs (id, productId, keyKa, keyRu, keyEn, value) VALUES ('58ddff22-8b01-410f-8d22-227ed611ea1d', 'camera-058', 'ღამის ხედვა (მანძილი)', 'Дальность ночного видения', 'Night Vision Range', '30 მეტრი');
INSERT INTO product_specs (id, productId, keyKa, keyRu, keyEn, value) VALUES ('46ca388b-ea9b-4377-848c-6ac60c4b3a24', 'camera-058', 'რეზოლუცია', 'Разрешение', 'Resolution', '5 მპ');
INSERT INTO product_specs (id, productId, keyKa, keyRu, keyEn, value) VALUES ('2ae3eabf-2c00-4ba4-89f5-97ba3863cf17', 'camera-058', 'მიკროფონი', 'Микрофон', 'Microphone', 'კი');
INSERT INTO product_specs (id, productId, keyKa, keyRu, keyEn, value) VALUES ('f9037524-f395-4234-b847-bf425724f5d8', 'camera-058', 'Micro SD', 'Micro SD', 'Micro SD', '256 GB');
INSERT INTO product_specs (id, productId, keyKa, keyRu, keyEn, value) VALUES ('a9839cb3-2f05-47d1-8faf-8893695ffbb2', 'camera-058', 'დაცვის კლასი', 'Класс защиты', 'Protection Class', 'IP 67');
INSERT INTO product_specs (id, productId, keyKa, keyRu, keyEn, value) VALUES ('e0382272-d5ce-4a3c-9afc-f9b255fa9d88', 'camera-058', 'ადამიანის და ავტომობილის სილუეტის ამოცნობა', 'Распознавание людей и авто', 'Human & Vehicle Detection', 'კი');
INSERT INTO products (id, slug, category, price, originalPrice, currency, isActive, isFeatured, images, nameKa, nameRu, nameEn, descriptionKa, descriptionRu, descriptionEn, content, relatedProducts, createdAt, updatedAt) VALUES ('camera-059', 'dahua-2-indoor-camera-2-8-059', 'cameras', 89, NULL, 'GEL', 1, 0, '["Untitled-791.png"]', 'Dahua IP კამერა 2MP IR Fixed-focal Dome Network', 'Dahua 2 მპ внутренняя камера 2.8 მმ', 'Dahua 2 მპ indoor Camera 2.8 მმ', NULL, NULL, NULL, 'Dahua IP კამერა 2MP IR Fixed-focal Dome Network. შიდა გამოყენების გამოყენება. რეზოლუცია: 2 მპ. ლინზა: 2.8 მმ.', NULL, '2026-02-16 10:55:02.878', '2026-02-16 10:55:02.878');
INSERT INTO product_specs (id, productId, keyKa, keyRu, keyEn, value) VALUES ('12c2189b-a2e7-4abe-8ea6-6d1636310eb6', 'camera-059', 'ბრენდი', 'Бренд', 'Brand', 'Dahua');
INSERT INTO product_specs (id, productId, keyKa, keyRu, keyEn, value) VALUES ('7416af15-0249-4591-aff2-1b06ad0609c6', 'camera-059', 'კამერის ტიპი', 'Тип камеры', 'Camera Type', 'IP');
INSERT INTO product_specs (id, productId, keyKa, keyRu, keyEn, value) VALUES ('a6e5fa33-b1f8-4f6f-97b3-22b47584898d', 'camera-059', 'კორპუსის ტიპი', 'Тип корпуса', 'Body Type', 'შიდა გამოყენების');
INSERT INTO product_specs (id, productId, keyKa, keyRu, keyEn, value) VALUES ('8c9791b6-30e5-4a63-a7cd-c98d5b66fd9a', 'camera-059', 'ლინზა', 'Объектив', 'Lens', '2.8 მმ');
INSERT INTO product_specs (id, productId, keyKa, keyRu, keyEn, value) VALUES ('ba354a2d-c6f3-4d0d-8328-664d266e81b4', 'camera-059', 'ხედვის კუთხე', 'Угол обзора', 'View Angle', '107°');
INSERT INTO product_specs (id, productId, keyKa, keyRu, keyEn, value) VALUES ('d477aeed-d89c-4023-b0e3-74b8409b5748', 'camera-059', 'ღამის ხედვა', 'Ночное видение', 'Night Vision', 'ჭკვიანი');
INSERT INTO product_specs (id, productId, keyKa, keyRu, keyEn, value) VALUES ('5edae0a3-acf5-4183-97ea-42463f61e359', 'camera-059', 'ღამის ხედვა (მანძილი)', 'Дальность ночного видения', 'Night Vision Range', '30 მეტრი');
INSERT INTO product_specs (id, productId, keyKa, keyRu, keyEn, value) VALUES ('ccbb2832-beea-4ac3-9259-8321f7e23fe2', 'camera-059', 'რეზოლუცია', 'Разрешение', 'Resolution', '2 მპ');
INSERT INTO product_specs (id, productId, keyKa, keyRu, keyEn, value) VALUES ('a661eef2-dcf8-4b4d-9cd7-aa95a94c5d75', 'camera-059', 'Micro SD', 'Micro SD', 'Micro SD', '128 GB');
INSERT INTO product_specs (id, productId, keyKa, keyRu, keyEn, value) VALUES ('4693bd31-4380-4812-b68d-8a19d117efd7', 'camera-059', 'დაცვის კლასი', 'Класс защиты', 'Protection Class', 'IP 67');
INSERT INTO products (id, slug, category, price, originalPrice, currency, isActive, isFeatured, images, nameKa, nameRu, nameEn, descriptionKa, descriptionRu, descriptionEn, content, relatedProducts, createdAt, updatedAt) VALUES ('camera-060', 'dahua-4-indoor-camera-2-8-060', 'cameras', 109, NULL, 'GEL', 1, 0, '["Untitled-829.png"]', 'Dahua IP კამერა 4MP IR Mini Fixed-focal Dome', 'Dahua 4 მპ внутренняя камера 2.8 მმ', 'Dahua 4 მპ indoor Camera 2.8 მმ', NULL, NULL, NULL, 'Dahua IP კამერა 4MP IR Mini Fixed-focal Dome. შიდა გამოყენების გამოყენება. რეზოლუცია: 4 მპ. ლინზა: 2.8 მმ.', NULL, '2026-02-16 09:55:02.878', '2026-02-16 09:55:02.878');
INSERT INTO product_specs (id, productId, keyKa, keyRu, keyEn, value) VALUES ('a18cd9b7-2896-4890-b486-647ab21128f7', 'camera-060', 'ბრენდი', 'Бренд', 'Brand', 'Dahua');
INSERT INTO product_specs (id, productId, keyKa, keyRu, keyEn, value) VALUES ('0c7960d4-c63e-4704-adfd-91fdddbc8211', 'camera-060', 'კამერის ტიპი', 'Тип камеры', 'Camera Type', 'IP');
INSERT INTO product_specs (id, productId, keyKa, keyRu, keyEn, value) VALUES ('0815bc42-2b92-4d0e-ad42-cbf05f1054cb', 'camera-060', 'კორპუსის ტიპი', 'Тип корпуса', 'Body Type', 'შიდა გამოყენების');
INSERT INTO product_specs (id, productId, keyKa, keyRu, keyEn, value) VALUES ('d9dfd0d2-4c08-4c5e-81dc-b1ed840c73da', 'camera-060', 'ლინზა', 'Объектив', 'Lens', '2.8 მმ');
INSERT INTO product_specs (id, productId, keyKa, keyRu, keyEn, value) VALUES ('440212cf-ba01-46c3-86e5-ea42804d9f96', 'camera-060', 'ხედვის კუთხე', 'Угол обзора', 'View Angle', '107°');
INSERT INTO product_specs (id, productId, keyKa, keyRu, keyEn, value) VALUES ('3e55cf48-b14f-4bd0-a6f5-b056812a1512', 'camera-060', 'ღამის ხედვა', 'Ночное видение', 'Night Vision', 'ჭკვიანი');
INSERT INTO product_specs (id, productId, keyKa, keyRu, keyEn, value) VALUES ('3e67c561-3cb7-4290-b0f7-794d64b7e49d', 'camera-060', 'ღამის ხედვა (მანძილი)', 'Дальность ночного видения', 'Night Vision Range', '30 მეტრი');
INSERT INTO product_specs (id, productId, keyKa, keyRu, keyEn, value) VALUES ('bfcc09a3-ca6a-413b-b50d-bf5d17243ea8', 'camera-060', 'რეზოლუცია', 'Разрешение', 'Resolution', '4 მპ');
INSERT INTO product_specs (id, productId, keyKa, keyRu, keyEn, value) VALUES ('cc9cc86a-f6c7-48b5-8656-46555a235e8b', 'camera-060', 'მიკროფონი', 'Микрофон', 'Microphone', 'კი');
INSERT INTO product_specs (id, productId, keyKa, keyRu, keyEn, value) VALUES ('c4991428-bb86-47c2-8aba-26fddf2eeb0d', 'camera-060', 'Micro SD', 'Micro SD', 'Micro SD', '256 GB');
INSERT INTO product_specs (id, productId, keyKa, keyRu, keyEn, value) VALUES ('c5f0c6bc-9a55-4628-bcdb-424b93c53a0a', 'camera-060', 'დაცვის კლასი', 'Класс защиты', 'Protection Class', 'IP 67');
INSERT INTO products (id, slug, category, price, originalPrice, currency, isActive, isFeatured, images, nameKa, nameRu, nameEn, descriptionKa, descriptionRu, descriptionEn, content, relatedProducts, createdAt, updatedAt) VALUES ('camera-061', 'dahua-4-outdoor-camera-2-7-13-5', 'cameras', 129, NULL, 'GEL', 1, 0, '["Untitled-841.png"]', 'Dahua IP კამერა 4MP Vari-focal Dome', 'Dahua 4 მპ уличная камера 2.7 - 13.5 მმ', 'Dahua 4 მპ outdoor Camera 2.7 - 13.5 მმ', NULL, NULL, NULL, 'Dahua IP კამერა 4MP Vari-focal Dome. გარე გამოყენების გამოყენება. რეზოლუცია: 4 მპ. ლინზა: 2.7 - 13.5 მმ.', NULL, '2026-02-16 08:55:02.879', '2026-02-16 08:55:02.879');
INSERT INTO product_specs (id, productId, keyKa, keyRu, keyEn, value) VALUES ('92b62d7b-db23-4896-8b3f-f9dba70f0615', 'camera-061', 'ბრენდი', 'Бренд', 'Brand', 'Dahua');
INSERT INTO product_specs (id, productId, keyKa, keyRu, keyEn, value) VALUES ('5293b1cf-76f0-4a7d-943f-93f3d7225edd', 'camera-061', 'კამერის ტიპი', 'Тип камеры', 'Camera Type', 'IP');
INSERT INTO product_specs (id, productId, keyKa, keyRu, keyEn, value) VALUES ('066a0d0d-c4de-4e51-bd23-2d1f48d1bc1b', 'camera-061', 'კორპუსის ტიპი', 'Тип корпуса', 'Body Type', 'გარე გამოყენების');
INSERT INTO product_specs (id, productId, keyKa, keyRu, keyEn, value) VALUES ('66575cf1-3718-434d-a91b-05ddc46e9858', 'camera-061', 'ლინზა', 'Объектив', 'Lens', '2.7 - 13.5 მმ');
INSERT INTO product_specs (id, productId, keyKa, keyRu, keyEn, value) VALUES ('73236da2-e8a7-4c68-8d96-b52146c5435c', 'camera-061', 'ხედვის კუთხე', 'Угол обзора', 'View Angle', '97° to 31°');
INSERT INTO product_specs (id, productId, keyKa, keyRu, keyEn, value) VALUES ('a7675e1a-66a4-4faa-94bd-f06cc4a756b0', 'camera-061', 'ღამის ხედვა', 'Ночное видение', 'Night Vision', 'ჭკვიანი');
INSERT INTO product_specs (id, productId, keyKa, keyRu, keyEn, value) VALUES ('a7966a7c-eef2-4592-808d-211863694bc6', 'camera-061', 'ღამის ხედვა (მანძილი)', 'Дальность ночного видения', 'Night Vision Range', '40 მეტრი');
INSERT INTO product_specs (id, productId, keyKa, keyRu, keyEn, value) VALUES ('3b3a4be9-ff0d-43f6-8401-525172291e24', 'camera-061', 'რეზოლუცია', 'Разрешение', 'Resolution', '4 მპ');
INSERT INTO product_specs (id, productId, keyKa, keyRu, keyEn, value) VALUES ('5d42561b-47b7-40eb-8418-7092466ad9f4', 'camera-061', 'Micro SD', 'Micro SD', 'Micro SD', '256 GB');
INSERT INTO product_specs (id, productId, keyKa, keyRu, keyEn, value) VALUES ('95609b68-50bc-48a7-b95c-5a35e7c07bce', 'camera-061', 'დაცვის კლასი', 'Класс защиты', 'Protection Class', 'IP 67');
INSERT INTO product_specs (id, productId, keyKa, keyRu, keyEn, value) VALUES ('30df8fcc-36dc-4a50-b62c-39008511628e', 'camera-061', 'ადამიანის და ავტომობილის სილუეტის ამოცნობა', 'Распознавание людей и авто', 'Human & Vehicle Detection', 'კი');
INSERT INTO products (id, slug, category, price, originalPrice, currency, isActive, isFeatured, images, nameKa, nameRu, nameEn, descriptionKa, descriptionRu, descriptionEn, content, relatedProducts, createdAt, updatedAt) VALUES ('camera-062', 'dahua-4-outdoor-camera-2-8-062', 'cameras', 119, NULL, 'GEL', 1, 0, '["1_q5hd-6p.png"]', 'Dahua IP კამერა 4MP Smart Dual Light PT WiFi Bullet', 'Dahua 4 მპ уличная камера 2.8 მმ', 'Dahua 4 მპ outdoor Camera 2.8 მმ', NULL, NULL, NULL, 'Dahua IP კამერა 4MP Smart Dual Light PT WiFi Bullet. გარე გამოყენების გამოყენება. რეზოლუცია: 4 მპ. ლინზა: 2.8 მმ.', NULL, '2026-02-16 07:55:02.879', '2026-02-16 07:55:02.879');
INSERT INTO product_specs (id, productId, keyKa, keyRu, keyEn, value) VALUES ('d9584fec-d907-4c57-b73c-c7e9a23d533d', 'camera-062', 'PTZ / PT', 'PTZ / PT', 'PTZ / PT', 'PT');
INSERT INTO product_specs (id, productId, keyKa, keyRu, keyEn, value) VALUES ('77211655-135f-4709-9354-91cfebf0bbd5', 'camera-062', 'ბრენდი', 'Бренд', 'Brand', 'Dahua');
INSERT INTO product_specs (id, productId, keyKa, keyRu, keyEn, value) VALUES ('08e1f838-34b9-4673-8a57-ffcb76c10110', 'camera-062', 'კამერის ტიპი', 'Тип камеры', 'Camera Type', 'IP');
INSERT INTO product_specs (id, productId, keyKa, keyRu, keyEn, value) VALUES ('aca98c42-8d81-4b20-abec-5fd622b86c1f', 'camera-062', 'კორპუსის ტიპი', 'Тип корпуса', 'Body Type', 'გარე გამოყენების');
INSERT INTO product_specs (id, productId, keyKa, keyRu, keyEn, value) VALUES ('9fee9137-9647-40c9-a73c-5a5af5115e4f', 'camera-062', 'ლინზა', 'Объектив', 'Lens', '2.8 მმ');
INSERT INTO product_specs (id, productId, keyKa, keyRu, keyEn, value) VALUES ('c92b4f49-0cd1-48b0-936b-4c4b76dafcc5', 'camera-062', 'ხედვის კუთხე', 'Угол обзора', 'View Angle', '107°');
INSERT INTO product_specs (id, productId, keyKa, keyRu, keyEn, value) VALUES ('9e7078c6-e271-4fca-9a2a-1da1a210520e', 'camera-062', 'ღამის ხედვა', 'Ночное видение', 'Night Vision', 'ფერადი');
INSERT INTO product_specs (id, productId, keyKa, keyRu, keyEn, value) VALUES ('a3637fad-8663-4cca-bc91-486a1de42cfd', 'camera-062', 'ღამის ხედვა (მანძილი)', 'Дальность ночного видения', 'Night Vision Range', '30 მეტრი');
INSERT INTO product_specs (id, productId, keyKa, keyRu, keyEn, value) VALUES ('b98036de-2cf3-4627-844d-fb2f7382ae17', 'camera-062', 'რეზოლუცია', 'Разрешение', 'Resolution', '4 მპ');
INSERT INTO product_specs (id, productId, keyKa, keyRu, keyEn, value) VALUES ('d9614c47-55ec-4d42-a09d-4d47d1bf5945', 'camera-062', 'მიკროფონი', 'Микрофон', 'Microphone', 'კი. (ორმხრივი აუდ. კავშირი)');
INSERT INTO product_specs (id, productId, keyKa, keyRu, keyEn, value) VALUES ('fef5ddd1-1022-4d1b-9f23-9e7c362f7f06', 'camera-062', 'Micro SD', 'Micro SD', 'Micro SD', '256 GB');
INSERT INTO product_specs (id, productId, keyKa, keyRu, keyEn, value) VALUES ('21e40385-82a2-4536-bf19-d71f7966c9ec', 'camera-062', 'Wi-Fi', 'Wi-Fi', 'Wi-Fi', 'კი');
INSERT INTO product_specs (id, productId, keyKa, keyRu, keyEn, value) VALUES ('d8c51b62-7dbe-4944-a631-245adf49b0b7', 'camera-062', 'ადამიანის და ავტომობილის სილუეტის ამოცნობა', 'Распознавание людей и авто', 'Human & Vehicle Detection', 'კი');
INSERT INTO products (id, slug, category, price, originalPrice, currency, isActive, isFeatured, images, nameKa, nameRu, nameEn, descriptionKa, descriptionRu, descriptionEn, content, relatedProducts, createdAt, updatedAt) VALUES ('camera-063', 'dahua-8-outdoor-camera-2-8-063', 'cameras', 199, NULL, 'GEL', 1, 0, '["1_tbsi-4a.png"]', 'Dahua IP კამერა 8MP Smart Dual Light Fixed-focal Bullet', 'Dahua 8 მპ уличная камера 2.8 მმ', 'Dahua 8 მპ outdoor Camera 2.8 მმ', NULL, NULL, NULL, 'Dahua IP კამერა 8MP Smart Dual Light Fixed-focal Bullet. გარე გამოყენების გამოყენება. რეზოლუცია: 8 მპ. ლინზა: 2.8 მმ.', NULL, '2026-02-16 06:55:02.880', '2026-02-16 06:55:02.880');
INSERT INTO product_specs (id, productId, keyKa, keyRu, keyEn, value) VALUES ('151490cd-181c-4561-8e7f-670620b34e97', 'camera-063', '101 დადგენილება', 'Регламент 101', '101 Regulation', 'კი');
INSERT INTO product_specs (id, productId, keyKa, keyRu, keyEn, value) VALUES ('7a55a4ab-f7fc-4271-ac1c-879f74bd7f28', 'camera-063', 'ბრენდი', 'Бренд', 'Brand', 'Dahua');
INSERT INTO product_specs (id, productId, keyKa, keyRu, keyEn, value) VALUES ('b0d54f6f-cae9-4c56-9f2c-b42454b2e37f', 'camera-063', 'კამერის ტიპი', 'Тип камеры', 'Camera Type', 'IP');
INSERT INTO product_specs (id, productId, keyKa, keyRu, keyEn, value) VALUES ('551b3110-d558-4b37-b39d-dad6685979c1', 'camera-063', 'კორპუსის ტიპი', 'Тип корпуса', 'Body Type', 'გარე გამოყენების');
INSERT INTO product_specs (id, productId, keyKa, keyRu, keyEn, value) VALUES ('8df9f5bd-9abb-4ce0-9d09-f80f943229bb', 'camera-063', 'ლინზა', 'Объектив', 'Lens', '2.8 მმ');
INSERT INTO product_specs (id, productId, keyKa, keyRu, keyEn, value) VALUES ('2cd617b7-9561-459b-82fc-cf7f142bd6aa', 'camera-063', 'ხედვის კუთხე', 'Угол обзора', 'View Angle', '107°');
INSERT INTO product_specs (id, productId, keyKa, keyRu, keyEn, value) VALUES ('4380419c-8615-4a4f-82ac-84b3af637fa6', 'camera-063', 'ღამის ხედვა', 'Ночное видение', 'Night Vision', 'ფერადი');
INSERT INTO product_specs (id, productId, keyKa, keyRu, keyEn, value) VALUES ('2282948a-36c0-4b22-b8e1-dbc28298f249', 'camera-063', 'ღამის ხედვა (მანძილი)', 'Дальность ночного видения', 'Night Vision Range', '60 მეტრი');
INSERT INTO product_specs (id, productId, keyKa, keyRu, keyEn, value) VALUES ('7f300c98-a42f-45af-b73c-83f87b539754', 'camera-063', 'რეზოლუცია', 'Разрешение', 'Resolution', '8 მპ');
INSERT INTO product_specs (id, productId, keyKa, keyRu, keyEn, value) VALUES ('eba86bf4-7f4a-435a-b9b9-292a346578e2', 'camera-063', 'მიკროფონი', 'Микрофон', 'Microphone', 'კი');
INSERT INTO product_specs (id, productId, keyKa, keyRu, keyEn, value) VALUES ('0483b5cd-cc91-4254-a458-5de50ab1e49c', 'camera-063', 'Micro SD', 'Micro SD', 'Micro SD', '256 GB');
INSERT INTO product_specs (id, productId, keyKa, keyRu, keyEn, value) VALUES ('694c17df-8940-472e-990c-15ce2197b1f7', 'camera-063', 'დაცვის კლასი', 'Класс защиты', 'Protection Class', 'IP 67');
INSERT INTO product_specs (id, productId, keyKa, keyRu, keyEn, value) VALUES ('bcd174c8-c033-4658-bbe1-6db09992d2c5', 'camera-063', 'ადამიანის და ავტომობილის სილუეტის ამოცნობა', 'Распознавание людей и авто', 'Human & Vehicle Detection', 'კი');
INSERT INTO products (id, slug, category, price, originalPrice, currency, isActive, isFeatured, images, nameKa, nameRu, nameEn, descriptionKa, descriptionRu, descriptionEn, content, relatedProducts, createdAt, updatedAt) VALUES ('camera-064', 'dahua-5-outdoor-camera-2-8', 'cameras', 129, NULL, 'GEL', 1, 0, '["1_ycfj-qg.png"]', 'Dahua IP კამერა 5MP Smart Dual Light Fixed-focal Dome', 'Dahua 5 მპ уличная камера 2.8 მმ', 'Dahua 5 მპ outdoor Camera 2.8 მმ', NULL, NULL, NULL, 'Dahua IP კამერა 5MP Smart Dual Light Fixed-focal Dome. გარე გამოყენების გამოყენება. რეზოლუცია: 5 მპ. ლინზა: 2.8 მმ.', NULL, '2026-02-16 05:55:02.880', '2026-02-16 05:55:02.880');
INSERT INTO product_specs (id, productId, keyKa, keyRu, keyEn, value) VALUES ('4c02f9df-0a1b-4352-896e-31366db59694', 'camera-064', '101 დადგენილება', 'Регламент 101', '101 Regulation', 'კი');
INSERT INTO product_specs (id, productId, keyKa, keyRu, keyEn, value) VALUES ('1e32319a-5af1-4e46-9228-97e9b9df398f', 'camera-064', 'ბრენდი', 'Бренд', 'Brand', 'Dahua');
INSERT INTO product_specs (id, productId, keyKa, keyRu, keyEn, value) VALUES ('e53e5c62-4ac5-4ffe-b13a-a4b9584fa717', 'camera-064', 'კამერის ტიპი', 'Тип камеры', 'Camera Type', 'IP');
INSERT INTO product_specs (id, productId, keyKa, keyRu, keyEn, value) VALUES ('d7610478-1d9e-4105-8336-a78d8c0661e0', 'camera-064', 'კორპუსის ტიპი', 'Тип корпуса', 'Body Type', 'გარე გამოყენების');
INSERT INTO product_specs (id, productId, keyKa, keyRu, keyEn, value) VALUES ('6db35478-70dc-4a2d-945d-09308c87355b', 'camera-064', 'ლინზა', 'Объектив', 'Lens', '2.8 მმ');
INSERT INTO product_specs (id, productId, keyKa, keyRu, keyEn, value) VALUES ('e7a69c41-7fae-497b-9a9d-2139732de359', 'camera-064', 'ხედვის კუთხე', 'Угол обзора', 'View Angle', '107°');
INSERT INTO product_specs (id, productId, keyKa, keyRu, keyEn, value) VALUES ('fbaf6779-dc64-462e-8a13-6e3ceae87ee9', 'camera-064', 'ღამის ხედვა', 'Ночное видение', 'Night Vision', 'ფერადი');
INSERT INTO product_specs (id, productId, keyKa, keyRu, keyEn, value) VALUES ('3cdd14b1-82fe-402d-97ee-b0a401f74495', 'camera-064', 'ღამის ხედვა (მანძილი)', 'Дальность ночного видения', 'Night Vision Range', '30 მეტრი');
INSERT INTO product_specs (id, productId, keyKa, keyRu, keyEn, value) VALUES ('cbf1f243-7ac2-4c65-b123-cef048c612ab', 'camera-064', 'რეზოლუცია', 'Разрешение', 'Resolution', '5 მპ');
INSERT INTO product_specs (id, productId, keyKa, keyRu, keyEn, value) VALUES ('5820cd67-7dcc-4bd7-8088-a18c8791c2f3', 'camera-064', 'მიკროფონი', 'Микрофон', 'Microphone', 'კი');
INSERT INTO product_specs (id, productId, keyKa, keyRu, keyEn, value) VALUES ('3edaac3f-ef10-4266-97b9-fc09beed8059', 'camera-064', 'Micro SD', 'Micro SD', 'Micro SD', '256 GB');
INSERT INTO product_specs (id, productId, keyKa, keyRu, keyEn, value) VALUES ('bcbfbdf9-66d3-4ec0-99c2-8560c849735e', 'camera-064', 'დაცვის კლასი', 'Класс защиты', 'Protection Class', 'IP 67');
INSERT INTO product_specs (id, productId, keyKa, keyRu, keyEn, value) VALUES ('d4715031-e47c-495e-b461-3c685a1bd9a7', 'camera-064', 'ადამიანის და ავტომობილის სილუეტის ამოცნობა', 'Распознавание людей и авто', 'Human & Vehicle Detection', 'კი');
INSERT INTO products (id, slug, category, price, originalPrice, currency, isActive, isFeatured, images, nameKa, nameRu, nameEn, descriptionKa, descriptionRu, descriptionEn, content, relatedProducts, createdAt, updatedAt) VALUES ('camera-065', 'dahua-4-outdoor-camera-2-8-065', 'cameras', 119, NULL, 'GEL', 1, 0, '["1_pb1t-s6.png"]', 'Dahua IP კამერა 4MP Smart Dual Light Fixed-focal Bullet AI', 'Dahua 4 მპ уличная камера 2.8 მმ', 'Dahua 4 მპ outdoor Camera 2.8 მმ', NULL, NULL, NULL, 'Dahua IP კამერა 4MP Smart Dual Light Fixed-focal Bullet AI. გარე გამოყენების გამოყენება. რეზოლუცია: 4 მპ. ლინზა: 2.8 მმ.', NULL, '2026-02-16 04:55:02.881', '2026-02-16 04:55:02.881');
INSERT INTO product_specs (id, productId, keyKa, keyRu, keyEn, value) VALUES ('01d99afe-f15a-49ff-846f-93773804c6cd', 'camera-065', '101 დადგენილება', 'Регламент 101', '101 Regulation', 'კი');
INSERT INTO product_specs (id, productId, keyKa, keyRu, keyEn, value) VALUES ('0275ab2a-09d6-4987-b077-35fc998217d3', 'camera-065', 'ბრენდი', 'Бренд', 'Brand', 'Dahua');
INSERT INTO product_specs (id, productId, keyKa, keyRu, keyEn, value) VALUES ('accc85b8-af68-49b9-a6ec-09fd76a0b398', 'camera-065', 'კამერის ტიპი', 'Тип камеры', 'Camera Type', 'IP');
INSERT INTO product_specs (id, productId, keyKa, keyRu, keyEn, value) VALUES ('dd5b1916-9705-438c-b242-392ffd369518', 'camera-065', 'კორპუსის ტიპი', 'Тип корпуса', 'Body Type', 'გარე გამოყენების');
INSERT INTO product_specs (id, productId, keyKa, keyRu, keyEn, value) VALUES ('4839ab3e-1421-4309-a4e4-51538b9070b5', 'camera-065', 'ლინზა', 'Объектив', 'Lens', '2.8 მმ');
INSERT INTO product_specs (id, productId, keyKa, keyRu, keyEn, value) VALUES ('03638fc8-ac4b-424d-8e67-3a80d76751c2', 'camera-065', 'ხედვის კუთხე', 'Угол обзора', 'View Angle', '107°');
INSERT INTO product_specs (id, productId, keyKa, keyRu, keyEn, value) VALUES ('ddb7e758-de6c-4f3b-9afd-f825e7b874e6', 'camera-065', 'ღამის ხედვა', 'Ночное видение', 'Night Vision', 'ფერადი');
INSERT INTO product_specs (id, productId, keyKa, keyRu, keyEn, value) VALUES ('112be53c-f421-424c-bc84-1808841bc1b1', 'camera-065', 'ღამის ხედვა (მანძილი)', 'Дальность ночного видения', 'Night Vision Range', '60 მეტრი');
INSERT INTO product_specs (id, productId, keyKa, keyRu, keyEn, value) VALUES ('1222d3d4-325d-4373-bd6d-827bdf089f04', 'camera-065', 'რეზოლუცია', 'Разрешение', 'Resolution', '4 მპ');
INSERT INTO product_specs (id, productId, keyKa, keyRu, keyEn, value) VALUES ('32854b7b-74a0-4cbe-83e9-655c6d83cf8a', 'camera-065', 'მიკროფონი', 'Микрофон', 'Microphone', 'კი');
INSERT INTO product_specs (id, productId, keyKa, keyRu, keyEn, value) VALUES ('c31b6fe0-a19e-45a0-8f52-90774d3c4667', 'camera-065', 'Micro SD', 'Micro SD', 'Micro SD', '256 GB');
INSERT INTO product_specs (id, productId, keyKa, keyRu, keyEn, value) VALUES ('fc1889d7-f433-46b8-99e7-f28673e4297e', 'camera-065', 'დაცვის კლასი', 'Класс защиты', 'Protection Class', 'IP 67');
INSERT INTO product_specs (id, productId, keyKa, keyRu, keyEn, value) VALUES ('98568ec5-d946-4cd9-8024-d036a3476af8', 'camera-065', 'ადამიანის და ავტომობილის სილუეტის ამოცნობა', 'Распознавание людей и авто', 'Human & Vehicle Detection', 'კი');
INSERT INTO products (id, slug, category, price, originalPrice, currency, isActive, isFeatured, images, nameKa, nameRu, nameEn, descriptionKa, descriptionRu, descriptionEn, content, relatedProducts, createdAt, updatedAt) VALUES ('camera-066', 'dahua-4-indoor-camera-2-8-066', 'cameras', 109, NULL, 'GEL', 1, 0, '["1_eqyz-pv.png"]', 'Dahua IP კამერა 4MP Smart Dual Light Fixed-focal Eyeball', 'Dahua 4 მპ внутренняя камера 2.8 მმ', 'Dahua 4 მპ indoor Camera 2.8 მმ', NULL, NULL, NULL, 'Dahua IP კამერა 4MP Smart Dual Light Fixed-focal Eyeball. შიდა გამოყენების გამოყენება. რეზოლუცია: 4 მპ. ლინზა: 2.8 მმ.', NULL, '2026-02-16 03:55:02.881', '2026-02-16 03:55:02.881');
INSERT INTO product_specs (id, productId, keyKa, keyRu, keyEn, value) VALUES ('4ca0479c-0dd7-4a41-add6-a3c79dd91fe0', 'camera-066', '101 დადგენილება', 'Регламент 101', '101 Regulation', 'კი');
INSERT INTO product_specs (id, productId, keyKa, keyRu, keyEn, value) VALUES ('14763299-bdc8-464c-84cc-0bebc7a67f61', 'camera-066', 'ბრენდი', 'Бренд', 'Brand', 'Dahua');
INSERT INTO product_specs (id, productId, keyKa, keyRu, keyEn, value) VALUES ('48e9e8bd-f1b8-4c61-85fc-f62b2e91f8a7', 'camera-066', 'კამერის ტიპი', 'Тип камеры', 'Camera Type', 'IP');
INSERT INTO product_specs (id, productId, keyKa, keyRu, keyEn, value) VALUES ('c9dd6e84-c422-4a6a-b702-b3ab1240bc31', 'camera-066', 'კორპუსის ტიპი', 'Тип корпуса', 'Body Type', 'შიდა გამოყენების');
INSERT INTO product_specs (id, productId, keyKa, keyRu, keyEn, value) VALUES ('32ce092e-fc89-4c19-8aaa-430ad31619a7', 'camera-066', 'ლინზა', 'Объектив', 'Lens', '2.8 მმ');
INSERT INTO product_specs (id, productId, keyKa, keyRu, keyEn, value) VALUES ('eb30b6be-f2ff-4c0a-9e66-74d2c248837d', 'camera-066', 'ხედვის კუთხე', 'Угол обзора', 'View Angle', '107°');
INSERT INTO product_specs (id, productId, keyKa, keyRu, keyEn, value) VALUES ('9ccea5a3-8043-4152-bd6c-5ec59820f59e', 'camera-066', 'ღამის ხედვა', 'Ночное видение', 'Night Vision', 'ფერადი');
INSERT INTO product_specs (id, productId, keyKa, keyRu, keyEn, value) VALUES ('8d8f8e82-4cc4-44dd-b19f-27dbeb16844d', 'camera-066', 'ღამის ხედვა (მანძილი)', 'Дальность ночного видения', 'Night Vision Range', '30 მეტრი');
INSERT INTO product_specs (id, productId, keyKa, keyRu, keyEn, value) VALUES ('d6c64200-93d4-4736-b329-9f670e5aba9d', 'camera-066', 'რეზოლუცია', 'Разрешение', 'Resolution', '4 მპ');
INSERT INTO product_specs (id, productId, keyKa, keyRu, keyEn, value) VALUES ('f036b0bf-6495-4cbf-9ad4-ff536d1ea7b5', 'camera-066', 'მიკროფონი', 'Микрофон', 'Microphone', 'კი');
INSERT INTO product_specs (id, productId, keyKa, keyRu, keyEn, value) VALUES ('7241a77b-43ac-43d2-bb2c-3f1f341168a6', 'camera-066', 'Micro SD', 'Micro SD', 'Micro SD', '256 GB');
INSERT INTO product_specs (id, productId, keyKa, keyRu, keyEn, value) VALUES ('89430cc4-e4d2-4242-9f50-77933477be3c', 'camera-066', 'დაცვის კლასი', 'Класс защиты', 'Protection Class', 'IP 67');
INSERT INTO product_specs (id, productId, keyKa, keyRu, keyEn, value) VALUES ('5f14d03a-83a3-487a-91ec-6da647bd4b1d', 'camera-066', 'ადამიანის და ავტომობილის სილუეტის ამოცნობა', 'Распознавание людей и авто', 'Human & Vehicle Detection', 'კი');
INSERT INTO products (id, slug, category, price, originalPrice, currency, isActive, isFeatured, images, nameKa, nameRu, nameEn, descriptionKa, descriptionRu, descriptionEn, content, relatedProducts, createdAt, updatedAt) VALUES ('camera-067', 'dahua-4-indoor-camera-2-8-067', 'cameras', 129, NULL, 'GEL', 1, 0, '["1_vrj1-op.png"]', 'Dahua IP კამერა 4MP Smart Dual Light PT WiFi Dome', 'Dahua 4 მპ внутренняя камера 2.8 მმ', 'Dahua 4 მპ indoor Camera 2.8 მმ', NULL, NULL, NULL, 'Dahua IP კამერა 4MP Smart Dual Light PT WiFi Dome. შიდა გამოყენების გამოყენება. რეზოლუცია: 4 მპ. ლინზა: 2.8 მმ.', NULL, '2026-02-16 02:55:02.882', '2026-02-16 02:55:02.882');
INSERT INTO product_specs (id, productId, keyKa, keyRu, keyEn, value) VALUES ('ac1e2ce7-a1fb-4843-9260-ec893c2f4fe4', 'camera-067', 'PTZ / PT', 'PTZ / PT', 'PTZ / PT', 'PT');
INSERT INTO product_specs (id, productId, keyKa, keyRu, keyEn, value) VALUES ('0acea94d-dd77-4a79-8842-c1e1d6ae4952', 'camera-067', 'ბრენდი', 'Бренд', 'Brand', 'Dahua');
INSERT INTO product_specs (id, productId, keyKa, keyRu, keyEn, value) VALUES ('e429fa53-4135-46c1-8701-593cdfbcd8b0', 'camera-067', 'კამერის ტიპი', 'Тип камеры', 'Camera Type', 'IP');
INSERT INTO product_specs (id, productId, keyKa, keyRu, keyEn, value) VALUES ('8380f92b-1c74-418a-81af-dd1a996e19db', 'camera-067', 'კორპუსის ტიპი', 'Тип корпуса', 'Body Type', 'შიდა გამოყენების');
INSERT INTO product_specs (id, productId, keyKa, keyRu, keyEn, value) VALUES ('4d876e24-8903-42c2-a932-f68f6141b593', 'camera-067', 'ლინზა', 'Объектив', 'Lens', '2.8 მმ');
INSERT INTO product_specs (id, productId, keyKa, keyRu, keyEn, value) VALUES ('f5e22e54-aac8-4be3-adc5-04b236eeee0b', 'camera-067', 'ხედვის კუთხე', 'Угол обзора', 'View Angle', '107°');
INSERT INTO product_specs (id, productId, keyKa, keyRu, keyEn, value) VALUES ('ebca629c-68c0-4e9d-ae2f-92538bcd63ee', 'camera-067', 'ღამის ხედვა', 'Ночное видение', 'Night Vision', 'ფერადი');
INSERT INTO product_specs (id, productId, keyKa, keyRu, keyEn, value) VALUES ('77d1208d-70d1-4a22-b488-2bdc71ef517f', 'camera-067', 'ღამის ხედვა (მანძილი)', 'Дальность ночного видения', 'Night Vision Range', '30 მეტრი');
INSERT INTO product_specs (id, productId, keyKa, keyRu, keyEn, value) VALUES ('b41f4955-cecf-49a2-aae4-a2dc41add5f8', 'camera-067', 'რეზოლუცია', 'Разрешение', 'Resolution', '4 მპ');
INSERT INTO product_specs (id, productId, keyKa, keyRu, keyEn, value) VALUES ('c178b3af-d124-47dd-be3c-7fe876443a3f', 'camera-067', 'მიკროფონი', 'Микрофон', 'Microphone', 'კი. (ორმხრივი აუდ. კავშირი)');
INSERT INTO product_specs (id, productId, keyKa, keyRu, keyEn, value) VALUES ('3f1d3d95-9d4b-48cb-8716-4ecabe2c027d', 'camera-067', 'Micro SD', 'Micro SD', 'Micro SD', '256 GB');
INSERT INTO product_specs (id, productId, keyKa, keyRu, keyEn, value) VALUES ('8cc76eed-a8a5-4e00-83b7-7a1988a6e6ea', 'camera-067', 'Wi-Fi', 'Wi-Fi', 'Wi-Fi', 'კი');
INSERT INTO product_specs (id, productId, keyKa, keyRu, keyEn, value) VALUES ('33f5728e-44f9-4454-b597-7734e4c632b0', 'camera-067', 'ადამიანის და ავტომობილის სილუეტის ამოცნობა', 'Распознавание людей и авто', 'Human & Vehicle Detection', 'კი');
INSERT INTO products (id, slug, category, price, originalPrice, currency, isActive, isFeatured, images, nameKa, nameRu, nameEn, descriptionKa, descriptionRu, descriptionEn, content, relatedProducts, createdAt, updatedAt) VALUES ('hdd-001', 'surveillance-hdd-4tb', 'storage', 180, NULL, 'GEL', 1, 0, '["a7da6607-2d13-4282-bc42-51033c748f0e.jpg","9b1629dd-4098-448e-8988-ed036c52d25a.jpg"]', '4TB სათვალთვალო HDD', '4TB HDD для видеонаблюдения', '4TB Surveillance HDD', NULL, NULL, NULL, 'სპეციალური HDD ვიდეო სათვალთვალო სისტემებისთვის. 24/7 მუშაობა, მაღალი საიმედოობა.', NULL, '2026-02-15 00:00:00.000', '2026-02-15 00:00:00.000');
INSERT INTO product_specs (id, productId, keyKa, keyRu, keyEn, value) VALUES ('b4e4a9da-f0d2-4d25-9f9e-a2c599fb907c', 'hdd-001', 'მოცულობა', 'Ёмкость', 'Capacity', '4TB');
INSERT INTO product_specs (id, productId, keyKa, keyRu, keyEn, value) VALUES ('bb9ebd91-ee3f-4e45-8a57-5faa3ae2e547', 'hdd-001', 'ინტერფეისი', 'Интерфейс', 'Interface', 'SATA 6Gb/s');
INSERT INTO product_specs (id, productId, keyKa, keyRu, keyEn, value) VALUES ('a58c52fd-3c72-41ee-b3f4-dcacc05a3288', 'hdd-001', 'მუშაობა', 'Работа', 'Operation', '24/7');
INSERT INTO product_specs (id, productId, keyKa, keyRu, keyEn, value) VALUES ('b68d3ada-f248-4e9b-8743-71855f52363f', 'hdd-001', 'RPM', 'RPM', 'RPM', '5400');
INSERT INTO products (id, slug, category, price, originalPrice, currency, isActive, isFeatured, images, nameKa, nameRu, nameEn, descriptionKa, descriptionRu, descriptionEn, content, relatedProducts, createdAt, updatedAt) VALUES ('hdd-002', 'surveillance-hdd-2tb', 'storage', 109, NULL, 'GEL', 1, 0, '["a7da6607-2d13-4282-bc42-51033c748f0e.jpg"]', '2TB სათვალთვალო HDD', '2TB HDD для видеонаблюдения', '2TB Surveillance HDD', NULL, NULL, NULL, 'სპეციალური HDD ვიდეო სათვალთვალო სისტემებისთვის. 24/7 მუშაობა.', NULL, '2026-02-14 12:05:13.914', '2026-02-14 12:05:13.914');
INSERT INTO product_specs (id, productId, keyKa, keyRu, keyEn, value) VALUES ('a19d395a-37e5-41e6-ad03-8bc54aaaa623', 'hdd-002', 'მოცულობა', 'Ёмкость', 'Capacity', '2TB');
INSERT INTO product_specs (id, productId, keyKa, keyRu, keyEn, value) VALUES ('18af6f50-53b5-42e9-ab4f-b6fa0167fdde', 'hdd-002', 'ინტერფეისი', 'Интерфейс', 'Interface', 'SATA 6Gb/s');
INSERT INTO product_specs (id, productId, keyKa, keyRu, keyEn, value) VALUES ('4e2a2d6f-ed82-48d9-85cb-5adc7c903792', 'hdd-002', 'მუშაობა', 'Работа', 'Operation', '24/7');
INSERT INTO product_specs (id, productId, keyKa, keyRu, keyEn, value) VALUES ('be3ac20d-6c85-4aa1-a7f9-a9652b7bda03', 'hdd-002', 'RPM', 'RPM', 'RPM', '5400');
INSERT INTO products (id, slug, category, price, originalPrice, currency, isActive, isFeatured, images, nameKa, nameRu, nameEn, descriptionKa, descriptionRu, descriptionEn, content, relatedProducts, createdAt, updatedAt) VALUES ('hdd-003', 'surveillance-hdd-6tb', 'storage', 239, NULL, 'GEL', 1, 0, '["9b1629dd-4098-448e-8988-ed036c52d25a.jpg"]', '6TB სათვალთვალო HDD', '6TB HDD для видеонаблюдения', '6TB Surveillance HDD', NULL, NULL, NULL, '6TB სათვალთვალო HDD 24/7 მუშაობისთვის, მაღალი საიმედოობა.', NULL, '2026-02-14 11:05:13.914', '2026-02-14 11:05:13.914');
INSERT INTO product_specs (id, productId, keyKa, keyRu, keyEn, value) VALUES ('ed6c0c01-c81b-402e-9ae8-f7a7d4577c85', 'hdd-003', 'მოცულობა', 'Ёмкость', 'Capacity', '6TB');
INSERT INTO product_specs (id, productId, keyKa, keyRu, keyEn, value) VALUES ('f12ee840-e072-4a05-a39f-c4a1ea8ab214', 'hdd-003', 'ინტერფეისი', 'Интерфейс', 'Interface', 'SATA 6Gb/s');
INSERT INTO product_specs (id, productId, keyKa, keyRu, keyEn, value) VALUES ('48cf98d2-d97c-4e67-ae1c-d99b6fa85530', 'hdd-003', 'მუშაობა', 'Работа', 'Operation', '24/7');
INSERT INTO product_specs (id, productId, keyKa, keyRu, keyEn, value) VALUES ('4670669f-aef0-4f73-8bc0-baf310bd4f0e', 'hdd-003', 'RPM', 'RPM', 'RPM', '7200');
INSERT INTO products (id, slug, category, price, originalPrice, currency, isActive, isFeatured, images, nameKa, nameRu, nameEn, descriptionKa, descriptionRu, descriptionEn, content, relatedProducts, createdAt, updatedAt) VALUES ('hdd-004', 'surveillance-hdd-8tb', 'storage', 329, NULL, 'GEL', 1, 0, '["a7da6607-2d13-4282-bc42-51033c748f0e.jpg"]', '8TB სათვალთვალო HDD', '8TB HDD для видеонаблюдения', '8TB Surveillance HDD', NULL, NULL, NULL, '8TB სათვალთვალო HDD მაქსიმალური ჩაწერის ხანგრძლივობისთვის.', NULL, '2026-02-14 10:05:13.915', '2026-02-14 10:05:13.915');
INSERT INTO product_specs (id, productId, keyKa, keyRu, keyEn, value) VALUES ('fefb32d9-04cd-4e8b-9466-55e141ee93a7', 'hdd-004', 'მოცულობა', 'Ёмкость', 'Capacity', '8TB');
INSERT INTO product_specs (id, productId, keyKa, keyRu, keyEn, value) VALUES ('220dcccf-cfdb-4831-b204-2580834d9a17', 'hdd-004', 'ინტერფეისი', 'Интерфейс', 'Interface', 'SATA 6Gb/s');
INSERT INTO product_specs (id, productId, keyKa, keyRu, keyEn, value) VALUES ('57a04d9f-29bf-4f76-854d-03a5b5c850a5', 'hdd-004', 'მუშაობა', 'Работа', 'Operation', '24/7');
INSERT INTO product_specs (id, productId, keyKa, keyRu, keyEn, value) VALUES ('f551f22b-ec59-4729-b96e-d2eeb0e59a29', 'hdd-004', 'RPM', 'RPM', 'RPM', '7200');
INSERT INTO products (id, slug, category, price, originalPrice, currency, isActive, isFeatured, images, nameKa, nameRu, nameEn, descriptionKa, descriptionRu, descriptionEn, content, relatedProducts, createdAt, updatedAt) VALUES ('hdd-005', 'surveillance-hdd-1tb', 'storage', 79, NULL, 'GEL', 1, 0, '["9b1629dd-4098-448e-8988-ed036c52d25a.jpg"]', '1TB სათვალთვალო HDD', '1TB HDD для видеонаблюдения', '1TB Surveillance HDD', NULL, NULL, NULL, '1TB სათვალთვალო HDD საბაზო სისტემებისთვის.', NULL, '2026-02-14 09:05:13.915', '2026-02-14 09:05:13.915');
INSERT INTO product_specs (id, productId, keyKa, keyRu, keyEn, value) VALUES ('7a0b9056-1754-4fc7-8a99-a5829f993e09', 'hdd-005', 'მოცულობა', 'Ёмкость', 'Capacity', '1TB');
INSERT INTO product_specs (id, productId, keyKa, keyRu, keyEn, value) VALUES ('993656a3-a87c-40d1-aefb-9ed295937265', 'hdd-005', 'ინტერფეისი', 'Интерфейс', 'Interface', 'SATA 6Gb/s');
INSERT INTO product_specs (id, productId, keyKa, keyRu, keyEn, value) VALUES ('cb54ce1a-fc2b-490a-9ce0-d7ec87f15051', 'hdd-005', 'მუშაობა', 'Работа', 'Operation', '24/7');
INSERT INTO product_specs (id, productId, keyKa, keyRu, keyEn, value) VALUES ('7e231cf9-182b-4153-8b27-dbe281dccdf1', 'hdd-005', 'RPM', 'RPM', 'RPM', '5400');
INSERT INTO products (id, slug, category, price, originalPrice, currency, isActive, isFeatured, images, nameKa, nameRu, nameEn, descriptionKa, descriptionRu, descriptionEn, content, relatedProducts, createdAt, updatedAt) VALUES ('nvr-001', '8ch-nvr-3mp-kit', 'nvr-kits', 450, 550, 'GEL', 1, 1, '["b50db9b7-3c9e-4da0-996c-172a2774fdc5.jpg","8a68aea7-2acf-4f03-ad6b-b3d50b6828c0.jpg","eac16318-c98a-481f-9e34-384ac6d69ee1.jpg"]', '8 არხიანი NVR 3MP კომპლექტი', 'Комплект NVR 8CH 3MP', '8CH NVR 3MP Kit', NULL, NULL, NULL, '8 კამერის კომპლექტი NVR-ით, 4TB HDD, WiFi კავშირი, ღამის ხედვა.', '["acc-001","acc-003","hdd-001"]', '2026-02-16 00:00:00.000', '2026-02-16 00:00:00.000');
INSERT INTO product_specs (id, productId, keyKa, keyRu, keyEn, value) VALUES ('7c1bbb49-ac73-4db6-b5d2-0c1489292907', 'nvr-001', 'არხები', 'Каналы', 'Channels', '8CH');
INSERT INTO product_specs (id, productId, keyKa, keyRu, keyEn, value) VALUES ('62e48f09-5fc7-4e76-bd7f-889803256808', 'nvr-001', 'გარჩევადობა', 'Разрешение', 'Resolution', '3MP');
INSERT INTO product_specs (id, productId, keyKa, keyRu, keyEn, value) VALUES ('3577628b-304d-4251-824a-455aff9e2f7d', 'nvr-001', 'HDD', 'HDD', 'HDD', '4TB');
INSERT INTO product_specs (id, productId, keyKa, keyRu, keyEn, value) VALUES ('27c014b5-2746-4b95-a4b7-c392ac0a8fe4', 'nvr-001', 'კავშირი', 'Подключение', 'Connectivity', 'WiFi + IP');
INSERT INTO products (id, slug, category, price, originalPrice, currency, isActive, isFeatured, images, nameKa, nameRu, nameEn, descriptionKa, descriptionRu, descriptionEn, content, relatedProducts, createdAt, updatedAt) VALUES ('nvr-002', '4ch-nvr-4mp-kit', 'nvr-kits', 299, NULL, 'GEL', 1, 1, '["b50db9b7-3c9e-4da0-996c-172a2774fdc5.jpg"]', '4 არხიანი NVR 4MP კომპლექტი', 'Комплект NVR 4CH 4MP', '4CH NVR 4MP Kit', NULL, NULL, NULL, '4 კამერის კომპლექტი NVR-ით, 1TB HDD, IP დაკავშირება.', NULL, '2026-02-14 17:05:13.911', '2026-02-14 17:05:13.911');
INSERT INTO product_specs (id, productId, keyKa, keyRu, keyEn, value) VALUES ('db8f89b7-dbfc-4d38-b58b-a0cd83982b25', 'nvr-002', 'არხები', 'Каналы', 'Channels', '4CH');
INSERT INTO product_specs (id, productId, keyKa, keyRu, keyEn, value) VALUES ('64cd0b8a-85ff-4709-aabb-cc889ecd4e0c', 'nvr-002', 'გარჩევადობა', 'Разрешение', 'Resolution', '4MP');
INSERT INTO product_specs (id, productId, keyKa, keyRu, keyEn, value) VALUES ('d5672c1e-6eeb-43c3-bbf3-53a3db14d189', 'nvr-002', 'HDD', 'HDD', 'HDD', '1TB');
INSERT INTO product_specs (id, productId, keyKa, keyRu, keyEn, value) VALUES ('10330298-0534-4332-be03-a1fb9fd314ca', 'nvr-002', 'კავშირი', 'Подключение', 'Connectivity', 'IP');
INSERT INTO products (id, slug, category, price, originalPrice, currency, isActive, isFeatured, images, nameKa, nameRu, nameEn, descriptionKa, descriptionRu, descriptionEn, content, relatedProducts, createdAt, updatedAt) VALUES ('nvr-003', '16ch-nvr-4mp-kit', 'nvr-kits', 749, NULL, 'GEL', 1, 0, '["8a68aea7-2acf-4f03-ad6b-b3d50b6828c0.jpg"]', '16 არხიანი NVR 4MP კომპლექტი', 'Комплект NVR 16CH 4MP', '16CH NVR 4MP Kit', NULL, NULL, NULL, '16 კამერის კომპლექტი NVR-ით, 4TB HDD, PoE კავშირი.', NULL, '2026-02-14 16:05:13.912', '2026-02-14 16:05:13.912');
INSERT INTO product_specs (id, productId, keyKa, keyRu, keyEn, value) VALUES ('85eed27a-0f13-47ec-a2c6-b48b2dddfada', 'nvr-003', 'არხები', 'Каналы', 'Channels', '16CH');
INSERT INTO product_specs (id, productId, keyKa, keyRu, keyEn, value) VALUES ('16b629ca-bce1-4bbc-834b-360b538a218a', 'nvr-003', 'გარჩევადობა', 'Разрешение', 'Resolution', '4MP');
INSERT INTO product_specs (id, productId, keyKa, keyRu, keyEn, value) VALUES ('48d3c8f9-2096-497e-9625-f729d31caa9d', 'nvr-003', 'HDD', 'HDD', 'HDD', '4TB');
INSERT INTO product_specs (id, productId, keyKa, keyRu, keyEn, value) VALUES ('354d8eb2-9aee-4adc-ae27-d41eece49772', 'nvr-003', 'კავშირი', 'Подключение', 'Connectivity', 'PoE + IP');
INSERT INTO products (id, slug, category, price, originalPrice, currency, isActive, isFeatured, images, nameKa, nameRu, nameEn, descriptionKa, descriptionRu, descriptionEn, content, relatedProducts, createdAt, updatedAt) VALUES ('nvr-004', '8ch-nvr-8mp-4k-kit', 'nvr-kits', 899, NULL, 'GEL', 1, 1, '["eac16318-c98a-481f-9e34-384ac6d69ee1.jpg"]', '8 არხიანი NVR 4K კომპლექტი', 'Комплект NVR 8CH 4K', '8CH NVR 4K Kit', NULL, NULL, NULL, '8 კამერის 4K კომპლექტი NVR-ით, 2TB HDD, PoE.', NULL, '2026-02-14 15:05:13.913', '2026-02-14 15:05:13.913');
INSERT INTO product_specs (id, productId, keyKa, keyRu, keyEn, value) VALUES ('1e2b2767-2cc5-4176-ab11-d9ecfd540005', 'nvr-004', 'არხები', 'Каналы', 'Channels', '8CH');
INSERT INTO product_specs (id, productId, keyKa, keyRu, keyEn, value) VALUES ('843718b7-24cd-402c-9137-4788277bfe21', 'nvr-004', 'გარჩევადობა', 'Разрешение', 'Resolution', '8MP / 4K');
INSERT INTO product_specs (id, productId, keyKa, keyRu, keyEn, value) VALUES ('060fccaa-6ad1-4ead-93cc-52ec8379783e', 'nvr-004', 'HDD', 'HDD', 'HDD', '2TB');
INSERT INTO product_specs (id, productId, keyKa, keyRu, keyEn, value) VALUES ('97e3ffe4-283e-4993-8f52-67c1ed12dc3e', 'nvr-004', 'კავშირი', 'Подключение', 'Connectivity', 'PoE');
INSERT INTO products (id, slug, category, price, originalPrice, currency, isActive, isFeatured, images, nameKa, nameRu, nameEn, descriptionKa, descriptionRu, descriptionEn, content, relatedProducts, createdAt, updatedAt) VALUES ('nvr-005', '4ch-dvr-analog-kit', 'nvr-kits', 219, NULL, 'GEL', 1, 0, '["b50db9b7-3c9e-4da0-996c-172a2774fdc5.jpg"]', '4 არხიანი DVR ანალოგური კომპლექტი', 'Аналоговый комплект DVR 4CH', '4CH DVR Analog Kit', NULL, NULL, NULL, '4 ანალოგური კამერის კომპლექტი DVR-ით, 500GB HDD.', NULL, '2026-02-14 14:05:13.913', '2026-02-14 14:05:13.913');
INSERT INTO product_specs (id, productId, keyKa, keyRu, keyEn, value) VALUES ('54fbfc90-99d2-4597-b045-4a3ead2c0d43', 'nvr-005', 'არხები', 'Каналы', 'Channels', '4CH');
INSERT INTO product_specs (id, productId, keyKa, keyRu, keyEn, value) VALUES ('b32fe940-3613-41d3-bfd8-fd61dae6bf4d', 'nvr-005', 'ტიპი', 'Тип', 'Type', 'DVR Analog');
INSERT INTO product_specs (id, productId, keyKa, keyRu, keyEn, value) VALUES ('50d6d3a0-1a57-46f3-a6d4-ccba6e2dacbe', 'nvr-005', 'HDD', 'HDD', 'HDD', '500GB');
INSERT INTO products (id, slug, category, price, originalPrice, currency, isActive, isFeatured, images, nameKa, nameRu, nameEn, descriptionKa, descriptionRu, descriptionEn, content, relatedProducts, createdAt, updatedAt) VALUES ('nvr-006', '8ch-poe-nvr-standalone', 'nvr-kits', 349, NULL, 'GEL', 1, 0, '["8a68aea7-2acf-4f03-ad6b-b3d50b6828c0.jpg"]', '8 არხიანი PoE NVR რეგისტრატორი', 'PoE NVR регистратор 8CH', '8CH PoE NVR Recorder', NULL, NULL, NULL, 'NVR ვიდეო რეგისტრატორი 8 PoE პორტით, H.265+, max 8TB.', NULL, '2026-02-14 13:05:13.914', '2026-02-14 13:05:13.914');
INSERT INTO product_specs (id, productId, keyKa, keyRu, keyEn, value) VALUES ('f75893c0-39cb-4783-9c7c-7644123f7961', 'nvr-006', 'არხები', 'Каналы', 'Channels', '8CH');
INSERT INTO product_specs (id, productId, keyKa, keyRu, keyEn, value) VALUES ('276837d6-5837-4745-a524-2ef66fbad860', 'nvr-006', 'PoE', 'PoE', 'PoE', '8 ports');
INSERT INTO product_specs (id, productId, keyKa, keyRu, keyEn, value) VALUES ('3c6b6762-7c42-42bd-8657-815c65189b8a', 'nvr-006', 'კოდეკი', 'Кодек', 'Codec', 'H.265+');
INSERT INTO product_specs (id, productId, keyKa, keyRu, keyEn, value) VALUES ('75301901-4f91-4e60-89e3-b9cb128191da', 'nvr-006', 'max HDD', 'max HDD', 'max HDD', '8TB');
INSERT INTO products (id, slug, category, price, originalPrice, currency, isActive, isFeatured, images, nameKa, nameRu, nameEn, descriptionKa, descriptionRu, descriptionEn, content, relatedProducts, createdAt, updatedAt) VALUES ('service-001', 'camera-installation-service', 'services', 0, NULL, 'GEL', 1, 0, '[]', 'კამერების მონტაჟი', 'Монтаж камер', 'Camera Installation', NULL, NULL, NULL, 'პროფესიონალური კამერების მონტაჟი გარანტიით. სახლი, ბიზნესი, საწყობი. ფასი ინდივიდუალური.', NULL, '2026-02-14 00:00:00.000', '2026-02-14 00:00:00.000');
INSERT INTO product_specs (id, productId, keyKa, keyRu, keyEn, value) VALUES ('122d1566-a8bd-4f73-a84d-e7b80d902572', 'service-001', 'გარანტია', 'Гарантия', 'Warranty', '1 year');
INSERT INTO products (id, slug, category, price, originalPrice, currency, isActive, isFeatured, images, nameKa, nameRu, nameEn, descriptionKa, descriptionRu, descriptionEn, content, relatedProducts, createdAt, updatedAt) VALUES ('service-002', 'nvr-dvr-setup-service', 'services', 0, NULL, 'GEL', 1, 0, '[]', 'NVR/DVR კონფიგურაცია', 'Настройка NVR/DVR', 'NVR/DVR Configuration', NULL, NULL, NULL, 'NVR ან DVR ჩამწერის კონფიგურაცია, ჩაწერის, მოძრაობის სენსორისა და ქსელური წვდომის დაყენება.', NULL, '2026-02-14 08:05:13.916', '2026-02-14 08:05:13.916');
INSERT INTO product_specs (id, productId, keyKa, keyRu, keyEn, value) VALUES ('f3767668-c7d9-4ee7-a5ae-74d9c59c7f8c', 'service-002', 'გარანტია', 'Гарантия', 'Warranty', '6 months');
INSERT INTO products (id, slug, category, price, originalPrice, currency, isActive, isFeatured, images, nameKa, nameRu, nameEn, descriptionKa, descriptionRu, descriptionEn, content, relatedProducts, createdAt, updatedAt) VALUES ('service-003', 'cable-installation-service', 'services', 0, NULL, 'GEL', 1, 0, '[]', 'კაბელის გაყვანა', 'Прокладка кабеля', 'Cable Installation', NULL, NULL, NULL, 'UTP/COAX კაბელის ჩამალული ან ღია გაყვანა. ფასი მეტრაჟის მიხედვით.', NULL, '2026-02-14 07:05:13.916', '2026-02-14 07:05:13.916');
INSERT INTO products (id, slug, category, price, originalPrice, currency, isActive, isFeatured, images, nameKa, nameRu, nameEn, descriptionKa, descriptionRu, descriptionEn, content, relatedProducts, createdAt, updatedAt) VALUES ('service-004', 'remote-access-setup-service', 'services', 0, NULL, 'GEL', 1, 0, '[]', 'დისტანციური წვდომის დაყენება', 'Настройка удалённого доступа', 'Remote Access Setup', NULL, NULL, NULL, 'სმარტფონიდან კამერებზე წვდომის კონფიგურაცია — P2P, DDNS, ან VPN.', NULL, '2026-02-14 06:05:13.917', '2026-02-14 06:05:13.917');
INSERT INTO products (id, slug, category, price, originalPrice, currency, isActive, isFeatured, images, nameKa, nameRu, nameEn, descriptionKa, descriptionRu, descriptionEn, content, relatedProducts, createdAt, updatedAt) VALUES ('service-005', 'maintenance-service', 'services', 0, NULL, 'GEL', 1, 0, '[]', 'სისტემის ტექნიკური მომსახურება', 'Техническое обслуживание системы', 'System Maintenance', NULL, NULL, NULL, 'პერიოდული ტექნიკური შემოწმება, კამერების გაწმენდა, პროგრამული განახლება.', NULL, '2026-02-14 05:05:13.917', '2026-02-14 05:05:13.917');

-- Articles: 1 records
INSERT INTO articles (id, slug, title, excerpt, category, coverImage, isPublished, readMin, content, createdAt, updatedAt) VALUES ('article-001', 'rogor-aviron-sakhlis-kamera', 'როგორ ავირჩიოთ სახლისთვის სათვალთვალო კამერა 2025 წელს', 'IP კამერა, WiFi კამერა თუ ანალოგური? განვიხილოთ მთავარი განსხვავებები და ვარიანტი თქვენი ბიუჯეტისა და მოთხოვნების მიხედვით.', 'guides', '', 1, 5, '# როგორ ავირჩიოთ სახლისთვის სათვალთვალო კამერა\n\nსათვალთვალო კამერის შერჩევა ბევრ ფაქტორზეა დამოკიდებული. ამ სტატიაში განვიხილავთ მთავარ კრიტერიუმებს.\n\n## IP კამერა vs WiFi კამერა\n\n**IP კამერები** უკეთეს ხარისხს გვთავაზობენ და უფრო საიმედოა სტაბილური კავშირისთვის. ისინი ქსელურ კაბელს იყენებენ (PoE).\n\n**WiFi კამერები** მარტივია დასამონტაჟებელი — არ სჭირდება კაბელი. იდეალურია ბინებისთვის და მცირე ოფისებისთვის.\n\n## რას მივაქციოთ ყურადღება?\n\n1. **რეზოლუცია** — მინიმუმ 2მპ (1080p), რეკომენდებულია 5მპ\n2. **ღამის ხედვა** — Smart IR ტექნოლოგია უკეთესი შედეგის იძლევა\n3. **Micro SD** — ლოკალური ჩაწერა ინტერნეტის გარეშე\n4. **წყალგაუმტარობა** — გარე მონტაჟისთვის IP67 სტანდარტი\n\n## რეკომენდაცია\n\nსახლისთვის რეკომენდაციაა **Tiandy 5მპ IP კამერა** — საუკეთესო ფას-ხარისხის თანაფარდობით.', '2026-02-19 10:00:00.000', '2026-02-19 10:00:00.000');

-- Orders: 5 records
INSERT INTO orders (id, name, phone, locale, total, status, createdAt, updatedAt) VALUES ('order-1771524623913', 'გიორგი გიორგაძე', '555 555 555', 'ka', 208, 'new', '2026-02-19 18:10:23.913', '2026-02-19 18:10:23.913');
INSERT INTO order_items (id, orderId, name, quantity, price) VALUES ('ae11e86d-cc10-4cae-a569-c1e92f28faa3', 'order-1771524623913', 'სამეთვალყურეო კამერა, 2mp, 5 - 80mm, Uniview, IPC6412LR-X16-VG', 1, 79);
INSERT INTO order_items (id, orderId, name, quantity, price) VALUES ('18aa5123-7dfe-4d62-962c-33b7848f6861', 'order-1771524623913', 'IP კამერა 5მპ Fixed IR Fisheye, Tiandy - TC-C35VN', 1, 129);
INSERT INTO orders (id, name, phone, locale, total, status, createdAt, updatedAt) VALUES ('order-1771520946110', 'w5s335s35s35', '34243234234', 'ka', 884, 'new', '2026-02-19 17:09:06.110', '2026-02-19 17:09:06.110');
INSERT INTO order_items (id, orderId, name, quantity, price) VALUES ('dd4038a7-b2ca-43fd-b7db-a9e434c85aa3', 'order-1771520946110', 'PTZ 4G გარე კამერა', 1, 165);
INSERT INTO order_items (id, orderId, name, quantity, price) VALUES ('67ac3f84-30af-4e56-a2f4-dc59f5120ce6', 'order-1771520946110', '8 არხიანი NVR 3MP კომპლექტი', 1, 450);
INSERT INTO order_items (id, orderId, name, quantity, price) VALUES ('efba33eb-09df-4e12-95e5-d807e724a715', 'order-1771520946110', '4TB სათვალთვალო HDD', 1, 180);
INSERT INTO order_items (id, orderId, name, quantity, price) VALUES ('154fb757-48dd-48cd-a4c3-f06f966f5ed4', 'order-1771520946110', 'Tenda RH9-WCA - IP Camera with 2 lens: 3MP Fixed 4mm + 3MP PT 6mm', 1, 89);
INSERT INTO orders (id, name, phone, locale, total, status, createdAt, updatedAt) VALUES ('order-1771520916927', 'sdfsdfsd', '234324234234', 'ka', 884, 'new', '2026-02-19 17:08:36.927', '2026-02-19 17:08:36.927');
INSERT INTO order_items (id, orderId, name, quantity, price) VALUES ('f5d099b0-e83d-4d2d-af9c-53c85a909706', 'order-1771520916927', 'PTZ 4G გარე კამერა', 1, 165);
INSERT INTO order_items (id, orderId, name, quantity, price) VALUES ('8db09347-b67e-434e-9e96-82f01a2c9d91', 'order-1771520916927', '8 არხიანი NVR 3MP კომპლექტი', 1, 450);
INSERT INTO order_items (id, orderId, name, quantity, price) VALUES ('d805c0fe-eb4a-4d41-831c-4ab55314149e', 'order-1771520916927', '4TB სათვალთვალო HDD', 1, 180);
INSERT INTO order_items (id, orderId, name, quantity, price) VALUES ('88f0fcec-1eff-47be-a297-d7e7d7d8abba', 'order-1771520916927', 'Tenda RH9-WCA - IP Camera with 2 lens: 3MP Fixed 4mm + 3MP PT 6mm', 1, 89);
INSERT INTO orders (id, name, phone, locale, total, status, createdAt, updatedAt) VALUES ('order-1771520894296', 'dfgdfgdfg', '2345234234234', 'ka', 884, 'new', '2026-02-19 17:08:14.296', '2026-02-19 17:08:14.296');
INSERT INTO order_items (id, orderId, name, quantity, price) VALUES ('32c05f86-a6a4-449b-9ec2-043076de1de4', 'order-1771520894296', 'PTZ 4G გარე კამერა', 1, 165);
INSERT INTO order_items (id, orderId, name, quantity, price) VALUES ('a323acd4-7f68-4b95-ab2c-06e017606f0e', 'order-1771520894296', '8 არხიანი NVR 3MP კომპლექტი', 1, 450);
INSERT INTO order_items (id, orderId, name, quantity, price) VALUES ('20782f06-3ec2-4b8a-ad80-3b92f9aee058', 'order-1771520894296', '4TB სათვალთვალო HDD', 1, 180);
INSERT INTO order_items (id, orderId, name, quantity, price) VALUES ('eb24574f-4ff7-4a8f-9536-afd23d18c308', 'order-1771520894296', 'Tenda RH9-WCA - IP Camera with 2 lens: 3MP Fixed 4mm + 3MP PT 6mm', 1, 89);
INSERT INTO orders (id, name, phone, locale, total, status, createdAt, updatedAt) VALUES ('order-1771520787728', 'ასდ', '345345345435', 'ka', 884, 'new', '2026-02-19 17:06:27.728', '2026-02-19 17:06:27.728');
INSERT INTO order_items (id, orderId, name, quantity, price) VALUES ('29fce128-1524-4892-b644-05b05d082960', 'order-1771520787728', 'PTZ 4G გარე კამერა', 1, 165);
INSERT INTO order_items (id, orderId, name, quantity, price) VALUES ('87060a37-5a43-4362-bc73-942ce16ac7a5', 'order-1771520787728', '8 არხიანი NVR 3MP კომპლექტი', 1, 450);
INSERT INTO order_items (id, orderId, name, quantity, price) VALUES ('f2dd7593-f224-4fb2-b3e0-a9d4afdf3081', 'order-1771520787728', '4TB სათვალთვალო HDD', 1, 180);
INSERT INTO order_items (id, orderId, name, quantity, price) VALUES ('f68369f6-71aa-43f6-9bc2-a29663ecc4ee', 'order-1771520787728', 'Tenda RH9-WCA - IP Camera with 2 lens: 3MP Fixed 4mm + 3MP PT 6mm', 1, 89);

-- Projects: 4 records
INSERT INTO projects (id, titleKa, titleRu, titleEn, locationKa, locationRu, locationEn, type, cameras, image, year, isActive, createdAt, updatedAt) VALUES ('p1', 'სავაჭრო ცენტრი "გალერეა"', 'ТЦ "Галерея"', 'Shopping Center "Gallery"', 'თბილისი, ვაკე', 'Тбилиси, Ваке', 'Tbilisi, Vake', 'commercial', 48, 'https://images.unsplash.com/photo-1519501025264-65ba15a82390?w=600&q=80', '2024', 1, '2024-01-15 10:00:00.000', '2024-01-15 10:00:00.000');
INSERT INTO projects (id, titleKa, titleRu, titleEn, locationKa, locationRu, locationEn, type, cameras, image, year, isActive, createdAt, updatedAt) VALUES ('p2', 'საცხოვრებელი კომპლექსი "ნიუ სითი"', 'ЖК "Нью Сити"', 'Residential Complex "New City"', 'თბილისი, საბურთალო', 'Тбилиси, Сабуртало', 'Tbilisi, Saburtalo', 'residential', 24, 'https://images.unsplash.com/photo-1545324418-cc1a3fa10c00?w=600&q=80', '2024', 1, '2024-03-20 10:00:00.000', '2024-03-20 10:00:00.000');
INSERT INTO projects (id, titleKa, titleRu, titleEn, locationKa, locationRu, locationEn, type, cameras, image, year, isActive, createdAt, updatedAt) VALUES ('p3', 'ოფისური ცენტრი "სითი ტაუერი"', 'Офисный центр "Сити Тауэр"', 'Office Center "City Tower"', 'თბილისი, მთაწმინდა', 'Тбилиси, Мтацминда', 'Tbilisi, Mtatsminda', 'office', 32, 'https://images.unsplash.com/photo-1486325212027-8081e485255e?w=600&q=80', '2025', 1, '2025-01-10 10:00:00.000', '2025-01-10 10:00:00.000');
INSERT INTO projects (id, titleKa, titleRu, titleEn, locationKa, locationRu, locationEn, type, cameras, image, year, isActive, createdAt, updatedAt) VALUES ('p4', 'სუპერმარკეტების ქსელი "სმარტი"', 'Сеть супермаркетов "Смарт"', 'Supermarket Chain "Smart"', 'მთელი საქართველო', 'Вся Грузия', 'Across Georgia', 'retail', 120, 'https://images.unsplash.com/photo-1604719312566-8912e9227c6a?w=600&q=80', '2025', 1, '2025-02-01 10:00:00.000', '2025-02-01 10:00:00.000');

-- Catalog Config
INSERT INTO catalog_config (id, categories, filters, updatedAt) VALUES ('singleton', '[{"id":"all","parentCategory":null,"label":{"ka":"ყველა","ru":"Все","en":"All"}},{"id":"cameras","parentCategory":"cameras","label":{"ka":"კამერები","ru":"Камеры","en":"Cameras"},"children":[{"id":"cameras-ip","parentCategory":"cameras","label":{"ka":"IP კამერები","ru":"IP камеры","en":"IP Cameras"},"specFilter":{"kaKey":"კამერის ტიპი","value":"IP"}},{"id":"cameras-analog","parentCategory":"cameras","label":{"ka":"ანალოგური კამერები","ru":"Аналоговые камеры","en":"Analog Cameras"},"specFilter":{"kaKey":"კამერის ტიპი","value":"ანალოგური"}},{"id":"cameras-wifi","parentCategory":"cameras","label":{"ka":"WIFI კამერები","ru":"Wi-Fi камеры","en":"Wi-Fi Cameras"},"specFilter":{"kaKey":"Wi-Fi","value":"კი"}},{"id":"cameras-4g","parentCategory":"cameras","label":{"ka":"4G კამერები","ru":"4G камеры","en":"4G Cameras"},"specFilter":{"kaKey":"4G / LTE","value":"კი"}},{"id":"cameras-solar","parentCategory":"cameras","label":{"ka":"კამერები მზის პანელზე","ru":"Солнечные камеры","en":"Solar Panel Cameras"},"specFilter":{"kaKey":"მზის პანელი","value":"კი"}},{"id":"cameras-ptz","parentCategory":"cameras","label":{"ka":"PTZ კამერები","ru":"PTZ камеры","en":"PTZ Cameras"},"specFilter":{"kaKey":"PTZ / PT","value":"PTZ"}},{"id":"cameras-pt","parentCategory":"cameras","label":{"ka":"PT კამერები","ru":"PT камеры","en":"PT Cameras"},"specFilter":{"kaKey":"PTZ / PT","value":"PT"}}]},{"id":"nvr-kits","parentCategory":"nvr-kits","label":{"ka":"NVR კომპლექტები","ru":"Комплекты NVR","en":"NVR Kits"}},{"id":"accessories","parentCategory":"accessories","label":{"ka":"აქსესუარები","ru":"Аксессуары","en":"Accessories"}},{"id":"storage","parentCategory":"storage","label":{"ka":"შენახვა","ru":"Накопители","en":"Storage"}},{"id":"services","parentCategory":"services","label":{"ka":"სერვისი","ru":"Услуги","en":"Services"}}]', '{"cameras":[{"id":"brand","specKaKey":"ბრენდი","label":{"ka":"ბრენდი","ru":"Бренд","en":"Brand"},"priority":1,"defaultExpanded":true},{"id":"resolution","specKaKey":"რეზოლუცია","label":{"ka":"რეზოლუცია","ru":"Разрешение","en":"Resolution"},"priority":2,"defaultExpanded":true},{"id":"bodyType","specKaKey":"კორპუსის ტიპი","label":{"ka":"კორპუსის ტიპი","ru":"Тип корпуса","en":"Body Type"},"priority":3,"defaultExpanded":true},{"id":"nightVision","specKaKey":"ღამის ხედვა","label":{"ka":"ღამის ხედვა","ru":"Ночное видение","en":"Night Vision"},"priority":4,"defaultExpanded":true},{"id":"nightVisionRange","specKaKey":"ღამის ხედვა (მანძილი)","label":{"ka":"ღამის ხედვა (მანძილი)","ru":"Дальность ночного видения","en":"Night Vision Range"},"priority":5},{"id":"lens","specKaKey":"ლინზა","label":{"ka":"ლინზა","ru":"Объектив","en":"Lens"},"priority":6},{"id":"wifi","specKaKey":"Wi-Fi","label":{"ka":"Wi-Fi","ru":"Wi-Fi","en":"Wi-Fi"},"priority":7},{"id":"ptz","specKaKey":"PTZ / PT","label":{"ka":"PTZ / PT","ru":"PTZ / PT","en":"PTZ / PT"},"priority":8},{"id":"microphone","specKaKey":"მიკროფონი","label":{"ka":"მიკროფონი","ru":"Микрофон","en":"Microphone"},"priority":9},{"id":"microSD","specKaKey":"Micro SD","label":{"ka":"Micro SD","ru":"Micro SD","en":"Micro SD"},"priority":10},{"id":"protectionClass","specKaKey":"დაცვის კლასი","label":{"ka":"დაცვის კლასი","ru":"Класс защиты","en":"Protection Class"},"priority":11},{"id":"cmosSensor","specKaKey":"CMOS სენსორი","label":{"ka":"CMOS სენსორი","ru":"CMOS сенсор","en":"CMOS Sensor"},"priority":12},{"id":"aiDetection","specKaKey":"ადამიანის და ავტომობილის სილუეტის ამოცნობა","label":{"ka":"AI ამოცნობა","ru":"AI распознавание","en":"AI Detection"},"priority":13}],"nvr-kits":[{"id":"channels","specKaKey":"არხები","label":{"ka":"არხები","ru":"Каналы","en":"Channels"},"priority":1,"defaultExpanded":true},{"id":"nvrResolution","specKaKey":"გარჩევადობა","label":{"ka":"რეზოლუცია","ru":"Разрешение","en":"Resolution"},"priority":2,"defaultExpanded":true},{"id":"hdd","specKaKey":"HDD","label":{"ka":"HDD","ru":"HDD","en":"HDD"},"priority":3},{"id":"connectivity","specKaKey":"კავშირი","label":{"ka":"კავშირი","ru":"Подключение","en":"Connectivity"},"priority":4},{"id":"poe","specKaKey":"PoE","label":{"ka":"PoE","ru":"PoE","en":"PoE"},"priority":5},{"id":"codec","specKaKey":"კოდეკი","label":{"ka":"კოდეკი","ru":"Кодек","en":"Codec"},"priority":6}],"accessories":[{"id":"accType","specKaKey":"ტიპი","label":{"ka":"ტიპი","ru":"Тип","en":"Type"},"priority":1,"defaultExpanded":true},{"id":"voltage","specKaKey":"ძაბვა","label":{"ka":"ძაბვა","ru":"Напряжение","en":"Voltage"},"priority":2},{"id":"power","specKaKey":"სიმძლავრე","label":{"ka":"სიმძლავრე","ru":"Мощность","en":"Power"},"priority":3},{"id":"material","specKaKey":"მასალა","label":{"ka":"მასალა","ru":"Материал","en":"Material"},"priority":4}],"storage":[{"id":"capacity","specKaKey":"მოცულობა","label":{"ka":"მოცულობა","ru":"Ёмкость","en":"Capacity"},"priority":1,"defaultExpanded":true},{"id":"interface","specKaKey":"ინტერფეისი","label":{"ka":"ინტერფეისი","ru":"Интерфейс","en":"Interface"},"priority":2},{"id":"rpm","specKaKey":"RPM","label":{"ka":"RPM","ru":"RPM","en":"RPM"},"priority":3}],"services":[]}', NOW(3));

-- Site Settings
INSERT INTO site_settings (id, contact, business, hours, stats, social, announcement, updatedAt) VALUES ('singleton', '{"phone":"597470518","whatsapp":"","email":""}', '{"companyName":"TechBrain","address":{"city":"Tbilisi","region":"Tbilisi","country":"GE"},"geo":{"latitude":41.6938,"longitude":44.8015}}', '{"weekdays":{"open":"10:00","close":"19:00"},"sunday":{"open":"11:00","close":"17:00"}}', '{"camerasInstalled":"500+","projectsCompleted":"120+","yearsExperience":"5+","warrantyYears":"2"}', '{"facebook":"https://www.facebook.com/TechbrainGE","instagram":"https://www.instagram.com/techbrainge/","tiktok":""}', '{"enabled":false,"text_ka":"","text_ru":"","text_en":""}', NOW(3));

SET FOREIGN_KEY_CHECKS = 1;
